"Province","Country","Date","Count"
"Anhui","China",2020-01-22,0
"Beijing","China",2020-01-22,0
"Chongqing","China",2020-01-22,0
"Fujian","China",2020-01-22,0
"Gansu","China",2020-01-22,0
"Guangdong","China",2020-01-22,0
"Guangxi","China",2020-01-22,0
"Guizhou","China",2020-01-22,0
"Hainan","China",2020-01-22,0
"Hebei","China",2020-01-22,0
"Heilongjiang","China",2020-01-22,0
"Henan","China",2020-01-22,0
"Hong Kong","China",2020-01-22,0
"Hubei","China",2020-01-22,17
"Hunan","China",2020-01-22,0
"Inner Mongolia","China",2020-01-22,0
"Jiangsu","China",2020-01-22,0
"Jiangxi","China",2020-01-22,0
"Jilin","China",2020-01-22,0
"Liaoning","China",2020-01-22,0
"Macau","China",2020-01-22,0
"Ningxia","China",2020-01-22,0
"Qinghai","China",2020-01-22,0
"Shaanxi","China",2020-01-22,0
"Shandong","China",2020-01-22,0
"Shanghai","China",2020-01-22,0
"Shanxi","China",2020-01-22,0
"Sichuan","China",2020-01-22,0
"Tianjin","China",2020-01-22,0
"Tibet","China",2020-01-22,0
"Xinjiang","China",2020-01-22,0
"Yunnan","China",2020-01-22,0
"Zhejiang","China",2020-01-22,0
"Anhui","China",2020-01-23,0
"Beijing","China",2020-01-23,0
"Chongqing","China",2020-01-23,0
"Fujian","China",2020-01-23,0
"Gansu","China",2020-01-23,0
"Guangdong","China",2020-01-23,0
"Guangxi","China",2020-01-23,0
"Guizhou","China",2020-01-23,0
"Hainan","China",2020-01-23,0
"Hebei","China",2020-01-23,1
"Heilongjiang","China",2020-01-23,0
"Henan","China",2020-01-23,0
"Hong Kong","China",2020-01-23,0
"Hubei","China",2020-01-23,17
"Hunan","China",2020-01-23,0
"Inner Mongolia","China",2020-01-23,0
"Jiangsu","China",2020-01-23,0
"Jiangxi","China",2020-01-23,0
"Jilin","China",2020-01-23,0
"Liaoning","China",2020-01-23,0
"Macau","China",2020-01-23,0
"Ningxia","China",2020-01-23,0
"Qinghai","China",2020-01-23,0
"Shaanxi","China",2020-01-23,0
"Shandong","China",2020-01-23,0
"Shanghai","China",2020-01-23,0
"Shanxi","China",2020-01-23,0
"Sichuan","China",2020-01-23,0
"Tianjin","China",2020-01-23,0
"Tibet","China",2020-01-23,0
"Xinjiang","China",2020-01-23,0
"Yunnan","China",2020-01-23,0
"Zhejiang","China",2020-01-23,0
"Anhui","China",2020-01-24,0
"Beijing","China",2020-01-24,0
"Chongqing","China",2020-01-24,0
"Fujian","China",2020-01-24,0
"Gansu","China",2020-01-24,0
"Guangdong","China",2020-01-24,0
"Guangxi","China",2020-01-24,0
"Guizhou","China",2020-01-24,0
"Hainan","China",2020-01-24,0
"Hebei","China",2020-01-24,1
"Heilongjiang","China",2020-01-24,1
"Henan","China",2020-01-24,0
"Hong Kong","China",2020-01-24,0
"Hubei","China",2020-01-24,24
"Hunan","China",2020-01-24,0
"Inner Mongolia","China",2020-01-24,0
"Jiangsu","China",2020-01-24,0
"Jiangxi","China",2020-01-24,0
"Jilin","China",2020-01-24,0
"Liaoning","China",2020-01-24,0
"Macau","China",2020-01-24,0
"Ningxia","China",2020-01-24,0
"Qinghai","China",2020-01-24,0
"Shaanxi","China",2020-01-24,0
"Shandong","China",2020-01-24,0
"Shanghai","China",2020-01-24,0
"Shanxi","China",2020-01-24,0
"Sichuan","China",2020-01-24,0
"Tianjin","China",2020-01-24,0
"Tibet","China",2020-01-24,0
"Xinjiang","China",2020-01-24,0
"Yunnan","China",2020-01-24,0
"Zhejiang","China",2020-01-24,0
"Anhui","China",2020-01-25,0
"Beijing","China",2020-01-25,0
"Chongqing","China",2020-01-25,0
"Fujian","China",2020-01-25,0
"Gansu","China",2020-01-25,0
"Guangdong","China",2020-01-25,0
"Guangxi","China",2020-01-25,0
"Guizhou","China",2020-01-25,0
"Hainan","China",2020-01-25,0
"Hebei","China",2020-01-25,1
"Heilongjiang","China",2020-01-25,1
"Henan","China",2020-01-25,0
"Hong Kong","China",2020-01-25,0
"Hubei","China",2020-01-25,40
"Hunan","China",2020-01-25,0
"Inner Mongolia","China",2020-01-25,0
"Jiangsu","China",2020-01-25,0
"Jiangxi","China",2020-01-25,0
"Jilin","China",2020-01-25,0
"Liaoning","China",2020-01-25,0
"Macau","China",2020-01-25,0
"Ningxia","China",2020-01-25,0
"Qinghai","China",2020-01-25,0
"Shaanxi","China",2020-01-25,0
"Shandong","China",2020-01-25,0
"Shanghai","China",2020-01-25,0
"Shanxi","China",2020-01-25,0
"Sichuan","China",2020-01-25,0
"Tianjin","China",2020-01-25,0
"Tibet","China",2020-01-25,0
"Xinjiang","China",2020-01-25,0
"Yunnan","China",2020-01-25,0
"Zhejiang","China",2020-01-25,0
"Anhui","China",2020-01-26,0
"Beijing","China",2020-01-26,0
"Chongqing","China",2020-01-26,0
"Fujian","China",2020-01-26,0
"Gansu","China",2020-01-26,0
"Guangdong","China",2020-01-26,0
"Guangxi","China",2020-01-26,0
"Guizhou","China",2020-01-26,0
"Hainan","China",2020-01-26,0
"Hebei","China",2020-01-26,1
"Heilongjiang","China",2020-01-26,1
"Henan","China",2020-01-26,1
"Hong Kong","China",2020-01-26,0
"Hubei","China",2020-01-26,52
"Hunan","China",2020-01-26,0
"Inner Mongolia","China",2020-01-26,0
"Jiangsu","China",2020-01-26,0
"Jiangxi","China",2020-01-26,0
"Jilin","China",2020-01-26,0
"Liaoning","China",2020-01-26,0
"Macau","China",2020-01-26,0
"Ningxia","China",2020-01-26,0
"Qinghai","China",2020-01-26,0
"Shaanxi","China",2020-01-26,0
"Shandong","China",2020-01-26,0
"Shanghai","China",2020-01-26,1
"Shanxi","China",2020-01-26,0
"Sichuan","China",2020-01-26,0
"Tianjin","China",2020-01-26,0
"Tibet","China",2020-01-26,0
"Xinjiang","China",2020-01-26,0
"Yunnan","China",2020-01-26,0
"Zhejiang","China",2020-01-26,0
"Anhui","China",2020-01-27,0
"Beijing","China",2020-01-27,1
"Chongqing","China",2020-01-27,0
"Fujian","China",2020-01-27,0
"Gansu","China",2020-01-27,0
"Guangdong","China",2020-01-27,0
"Guangxi","China",2020-01-27,0
"Guizhou","China",2020-01-27,0
"Hainan","China",2020-01-27,1
"Hebei","China",2020-01-27,1
"Heilongjiang","China",2020-01-27,1
"Henan","China",2020-01-27,1
"Hong Kong","China",2020-01-27,0
"Hubei","China",2020-01-27,76
"Hunan","China",2020-01-27,0
"Inner Mongolia","China",2020-01-27,0
"Jiangsu","China",2020-01-27,0
"Jiangxi","China",2020-01-27,0
"Jilin","China",2020-01-27,0
"Liaoning","China",2020-01-27,0
"Macau","China",2020-01-27,0
"Ningxia","China",2020-01-27,0
"Qinghai","China",2020-01-27,0
"Shaanxi","China",2020-01-27,0
"Shandong","China",2020-01-27,0
"Shanghai","China",2020-01-27,1
"Shanxi","China",2020-01-27,0
"Sichuan","China",2020-01-27,0
"Tianjin","China",2020-01-27,0
"Tibet","China",2020-01-27,0
"Xinjiang","China",2020-01-27,0
"Yunnan","China",2020-01-27,0
"Zhejiang","China",2020-01-27,0
"Anhui","China",2020-01-28,0
"Beijing","China",2020-01-28,1
"Chongqing","China",2020-01-28,0
"Fujian","China",2020-01-28,0
"Gansu","China",2020-01-28,0
"Guangdong","China",2020-01-28,0
"Guangxi","China",2020-01-28,0
"Guizhou","China",2020-01-28,0
"Hainan","China",2020-01-28,1
"Hebei","China",2020-01-28,1
"Heilongjiang","China",2020-01-28,1
"Henan","China",2020-01-28,1
"Hong Kong","China",2020-01-28,0
"Hubei","China",2020-01-28,125
"Hunan","China",2020-01-28,0
"Inner Mongolia","China",2020-01-28,0
"Jiangsu","China",2020-01-28,0
"Jiangxi","China",2020-01-28,0
"Jilin","China",2020-01-28,0
"Liaoning","China",2020-01-28,0
"Macau","China",2020-01-28,0
"Ningxia","China",2020-01-28,0
"Qinghai","China",2020-01-28,0
"Shaanxi","China",2020-01-28,0
"Shandong","China",2020-01-28,0
"Shanghai","China",2020-01-28,1
"Shanxi","China",2020-01-28,0
"Sichuan","China",2020-01-28,0
"Tianjin","China",2020-01-28,0
"Tibet","China",2020-01-28,0
"Xinjiang","China",2020-01-28,0
"Yunnan","China",2020-01-28,0
"Zhejiang","China",2020-01-28,0
"Anhui","China",2020-01-29,0
"Beijing","China",2020-01-29,1
"Chongqing","China",2020-01-29,0
"Fujian","China",2020-01-29,0
"Gansu","China",2020-01-29,0
"Guangdong","China",2020-01-29,0
"Guangxi","China",2020-01-29,0
"Guizhou","China",2020-01-29,0
"Hainan","China",2020-01-29,1
"Hebei","China",2020-01-29,1
"Heilongjiang","China",2020-01-29,1
"Henan","China",2020-01-29,2
"Hong Kong","China",2020-01-29,0
"Hubei","China",2020-01-29,125
"Hunan","China",2020-01-29,0
"Inner Mongolia","China",2020-01-29,0
"Jiangsu","China",2020-01-29,0
"Jiangxi","China",2020-01-29,0
"Jilin","China",2020-01-29,0
"Liaoning","China",2020-01-29,0
"Macau","China",2020-01-29,0
"Ningxia","China",2020-01-29,0
"Qinghai","China",2020-01-29,0
"Shaanxi","China",2020-01-29,0
"Shandong","China",2020-01-29,0
"Shanghai","China",2020-01-29,1
"Shanxi","China",2020-01-29,0
"Sichuan","China",2020-01-29,1
"Tianjin","China",2020-01-29,0
"Tibet","China",2020-01-29,0
"Xinjiang","China",2020-01-29,0
"Yunnan","China",2020-01-29,0
"Zhejiang","China",2020-01-29,0
"Anhui","China",2020-01-30,0
"Beijing","China",2020-01-30,1
"Chongqing","China",2020-01-30,0
"Fujian","China",2020-01-30,0
"Gansu","China",2020-01-30,0
"Guangdong","China",2020-01-30,0
"Guangxi","China",2020-01-30,0
"Guizhou","China",2020-01-30,0
"Hainan","China",2020-01-30,1
"Hebei","China",2020-01-30,1
"Heilongjiang","China",2020-01-30,2
"Henan","China",2020-01-30,2
"Hong Kong","China",2020-01-30,0
"Hubei","China",2020-01-30,162
"Hunan","China",2020-01-30,0
"Inner Mongolia","China",2020-01-30,0
"Jiangsu","China",2020-01-30,0
"Jiangxi","China",2020-01-30,0
"Jilin","China",2020-01-30,0
"Liaoning","China",2020-01-30,0
"Macau","China",2020-01-30,0
"Ningxia","China",2020-01-30,0
"Qinghai","China",2020-01-30,0
"Shaanxi","China",2020-01-30,0
"Shandong","China",2020-01-30,0
"Shanghai","China",2020-01-30,1
"Shanxi","China",2020-01-30,0
"Sichuan","China",2020-01-30,1
"Tianjin","China",2020-01-30,0
"Tibet","China",2020-01-30,0
"Xinjiang","China",2020-01-30,0
"Yunnan","China",2020-01-30,0
"Zhejiang","China",2020-01-30,0
"Anhui","China",2020-01-31,0
"Beijing","China",2020-01-31,1
"Chongqing","China",2020-01-31,0
"Fujian","China",2020-01-31,0
"Gansu","China",2020-01-31,0
"Guangdong","China",2020-01-31,0
"Guangxi","China",2020-01-31,0
"Guizhou","China",2020-01-31,0
"Hainan","China",2020-01-31,1
"Hebei","China",2020-01-31,1
"Heilongjiang","China",2020-01-31,2
"Henan","China",2020-01-31,2
"Hong Kong","China",2020-01-31,0
"Hubei","China",2020-01-31,204
"Hunan","China",2020-01-31,0
"Inner Mongolia","China",2020-01-31,0
"Jiangsu","China",2020-01-31,0
"Jiangxi","China",2020-01-31,0
"Jilin","China",2020-01-31,0
"Liaoning","China",2020-01-31,0
"Macau","China",2020-01-31,0
"Ningxia","China",2020-01-31,0
"Qinghai","China",2020-01-31,0
"Shaanxi","China",2020-01-31,0
"Shandong","China",2020-01-31,0
"Shanghai","China",2020-01-31,1
"Shanxi","China",2020-01-31,0
"Sichuan","China",2020-01-31,1
"Tianjin","China",2020-01-31,0
"Tibet","China",2020-01-31,0
"Xinjiang","China",2020-01-31,0
"Yunnan","China",2020-01-31,0
"Zhejiang","China",2020-01-31,0
"Anhui","China",2020-02-01,0
"Beijing","China",2020-02-01,1
"Chongqing","China",2020-02-01,1
"Fujian","China",2020-02-01,0
"Gansu","China",2020-02-01,0
"Guangdong","China",2020-02-01,0
"Guangxi","China",2020-02-01,0
"Guizhou","China",2020-02-01,0
"Hainan","China",2020-02-01,1
"Hebei","China",2020-02-01,1
"Heilongjiang","China",2020-02-01,2
"Henan","China",2020-02-01,2
"Hong Kong","China",2020-02-01,0
"Hubei","China",2020-02-01,249
"Hunan","China",2020-02-01,0
"Inner Mongolia","China",2020-02-01,0
"Jiangsu","China",2020-02-01,0
"Jiangxi","China",2020-02-01,0
"Jilin","China",2020-02-01,0
"Liaoning","China",2020-02-01,0
"Macau","China",2020-02-01,0
"Ningxia","China",2020-02-01,0
"Qinghai","China",2020-02-01,0
"Shaanxi","China",2020-02-01,0
"Shandong","China",2020-02-01,0
"Shanghai","China",2020-02-01,1
"Shanxi","China",2020-02-01,0
"Sichuan","China",2020-02-01,1
"Tianjin","China",2020-02-01,0
"Tibet","China",2020-02-01,0
"Xinjiang","China",2020-02-01,0
"Yunnan","China",2020-02-01,0
"Zhejiang","China",2020-02-01,0
"Anhui","China",2020-02-02,0
"Beijing","China",2020-02-02,1
"Chongqing","China",2020-02-02,2
"Fujian","China",2020-02-02,0
"Gansu","China",2020-02-02,0
"Guangdong","China",2020-02-02,0
"Guangxi","China",2020-02-02,0
"Guizhou","China",2020-02-02,0
"Hainan","China",2020-02-02,1
"Hebei","China",2020-02-02,1
"Heilongjiang","China",2020-02-02,2
"Henan","China",2020-02-02,2
"Hong Kong","China",2020-02-02,0
"Hubei","China",2020-02-02,350
"Hunan","China",2020-02-02,0
"Inner Mongolia","China",2020-02-02,0
"Jiangsu","China",2020-02-02,0
"Jiangxi","China",2020-02-02,0
"Jilin","China",2020-02-02,0
"Liaoning","China",2020-02-02,0
"Macau","China",2020-02-02,0
"Ningxia","China",2020-02-02,0
"Qinghai","China",2020-02-02,0
"Shaanxi","China",2020-02-02,0
"Shandong","China",2020-02-02,0
"Shanghai","China",2020-02-02,1
"Shanxi","China",2020-02-02,0
"Sichuan","China",2020-02-02,1
"Tianjin","China",2020-02-02,0
"Tibet","China",2020-02-02,0
"Xinjiang","China",2020-02-02,0
"Yunnan","China",2020-02-02,0
"Zhejiang","China",2020-02-02,0
"Anhui","China",2020-02-03,0
"Beijing","China",2020-02-03,1
"Chongqing","China",2020-02-03,2
"Fujian","China",2020-02-03,0
"Gansu","China",2020-02-03,0
"Guangdong","China",2020-02-03,0
"Guangxi","China",2020-02-03,0
"Guizhou","China",2020-02-03,0
"Hainan","China",2020-02-03,1
"Hebei","China",2020-02-03,1
"Heilongjiang","China",2020-02-03,2
"Henan","China",2020-02-03,2
"Hong Kong","China",2020-02-03,0
"Hubei","China",2020-02-03,414
"Hunan","China",2020-02-03,0
"Inner Mongolia","China",2020-02-03,0
"Jiangsu","China",2020-02-03,0
"Jiangxi","China",2020-02-03,0
"Jilin","China",2020-02-03,0
"Liaoning","China",2020-02-03,0
"Macau","China",2020-02-03,0
"Ningxia","China",2020-02-03,0
"Qinghai","China",2020-02-03,0
"Shaanxi","China",2020-02-03,0
"Shandong","China",2020-02-03,0
"Shanghai","China",2020-02-03,1
"Shanxi","China",2020-02-03,0
"Sichuan","China",2020-02-03,1
"Tianjin","China",2020-02-03,0
"Tibet","China",2020-02-03,0
"Xinjiang","China",2020-02-03,0
"Yunnan","China",2020-02-03,0
"Zhejiang","China",2020-02-03,0
"Anhui","China",2020-02-04,0
"Beijing","China",2020-02-04,1
"Chongqing","China",2020-02-04,2
"Fujian","China",2020-02-04,0
"Gansu","China",2020-02-04,0
"Guangdong","China",2020-02-04,0
"Guangxi","China",2020-02-04,0
"Guizhou","China",2020-02-04,0
"Hainan","China",2020-02-04,1
"Hebei","China",2020-02-04,1
"Heilongjiang","China",2020-02-04,2
"Henan","China",2020-02-04,2
"Hong Kong","China",2020-02-04,1
"Hubei","China",2020-02-04,479
"Hunan","China",2020-02-04,0
"Inner Mongolia","China",2020-02-04,0
"Jiangsu","China",2020-02-04,0
"Jiangxi","China",2020-02-04,0
"Jilin","China",2020-02-04,0
"Liaoning","China",2020-02-04,0
"Macau","China",2020-02-04,0
"Ningxia","China",2020-02-04,0
"Qinghai","China",2020-02-04,0
"Shaanxi","China",2020-02-04,0
"Shandong","China",2020-02-04,0
"Shanghai","China",2020-02-04,1
"Shanxi","China",2020-02-04,0
"Sichuan","China",2020-02-04,1
"Tianjin","China",2020-02-04,0
"Tibet","China",2020-02-04,0
"Xinjiang","China",2020-02-04,0
"Yunnan","China",2020-02-04,0
"Zhejiang","China",2020-02-04,0
"Anhui","China",2020-02-05,0
"Beijing","China",2020-02-05,1
"Chongqing","China",2020-02-05,2
"Fujian","China",2020-02-05,0
"Gansu","China",2020-02-05,0
"Guangdong","China",2020-02-05,0
"Guangxi","China",2020-02-05,0
"Guizhou","China",2020-02-05,1
"Hainan","China",2020-02-05,1
"Hebei","China",2020-02-05,1
"Heilongjiang","China",2020-02-05,2
"Henan","China",2020-02-05,2
"Hong Kong","China",2020-02-05,1
"Hubei","China",2020-02-05,549
"Hunan","China",2020-02-05,0
"Inner Mongolia","China",2020-02-05,0
"Jiangsu","China",2020-02-05,0
"Jiangxi","China",2020-02-05,0
"Jilin","China",2020-02-05,0
"Liaoning","China",2020-02-05,0
"Macau","China",2020-02-05,0
"Ningxia","China",2020-02-05,0
"Qinghai","China",2020-02-05,0
"Shaanxi","China",2020-02-05,0
"Shandong","China",2020-02-05,0
"Shanghai","China",2020-02-05,1
"Shanxi","China",2020-02-05,0
"Sichuan","China",2020-02-05,1
"Tianjin","China",2020-02-05,1
"Tibet","China",2020-02-05,0
"Xinjiang","China",2020-02-05,0
"Yunnan","China",2020-02-05,0
"Zhejiang","China",2020-02-05,0
"Anhui","China",2020-02-06,0
"Beijing","China",2020-02-06,1
"Chongqing","China",2020-02-06,2
"Fujian","China",2020-02-06,0
"Gansu","China",2020-02-06,0
"Guangdong","China",2020-02-06,0
"Guangxi","China",2020-02-06,0
"Guizhou","China",2020-02-06,1
"Hainan","China",2020-02-06,1
"Hebei","China",2020-02-06,1
"Heilongjiang","China",2020-02-06,3
"Henan","China",2020-02-06,2
"Hong Kong","China",2020-02-06,1
"Hubei","China",2020-02-06,618
"Hunan","China",2020-02-06,0
"Inner Mongolia","China",2020-02-06,0
"Jiangsu","China",2020-02-06,0
"Jiangxi","China",2020-02-06,0
"Jilin","China",2020-02-06,0
"Liaoning","China",2020-02-06,0
"Macau","China",2020-02-06,0
"Ningxia","China",2020-02-06,0
"Qinghai","China",2020-02-06,0
"Shaanxi","China",2020-02-06,0
"Shandong","China",2020-02-06,0
"Shanghai","China",2020-02-06,1
"Shanxi","China",2020-02-06,0
"Sichuan","China",2020-02-06,1
"Tianjin","China",2020-02-06,1
"Tibet","China",2020-02-06,0
"Xinjiang","China",2020-02-06,0
"Yunnan","China",2020-02-06,0
"Zhejiang","China",2020-02-06,0
"Anhui","China",2020-02-07,0
"Beijing","China",2020-02-07,1
"Chongqing","China",2020-02-07,2
"Fujian","China",2020-02-07,0
"Gansu","China",2020-02-07,0
"Guangdong","China",2020-02-07,1
"Guangxi","China",2020-02-07,0
"Guizhou","China",2020-02-07,1
"Hainan","China",2020-02-07,2
"Hebei","China",2020-02-07,1
"Heilongjiang","China",2020-02-07,3
"Henan","China",2020-02-07,3
"Hong Kong","China",2020-02-07,1
"Hubei","China",2020-02-07,699
"Hunan","China",2020-02-07,0
"Inner Mongolia","China",2020-02-07,0
"Jiangsu","China",2020-02-07,0
"Jiangxi","China",2020-02-07,0
"Jilin","China",2020-02-07,1
"Liaoning","China",2020-02-07,0
"Macau","China",2020-02-07,0
"Ningxia","China",2020-02-07,0
"Qinghai","China",2020-02-07,0
"Shaanxi","China",2020-02-07,0
"Shandong","China",2020-02-07,0
"Shanghai","China",2020-02-07,1
"Shanxi","China",2020-02-07,0
"Sichuan","China",2020-02-07,1
"Tianjin","China",2020-02-07,1
"Tibet","China",2020-02-07,0
"Xinjiang","China",2020-02-07,0
"Yunnan","China",2020-02-07,0
"Zhejiang","China",2020-02-07,0
"Anhui","China",2020-02-08,0
"Beijing","China",2020-02-08,2
"Chongqing","China",2020-02-08,2
"Fujian","China",2020-02-08,0
"Gansu","China",2020-02-08,1
"Guangdong","China",2020-02-08,1
"Guangxi","China",2020-02-08,0
"Guizhou","China",2020-02-08,1
"Hainan","China",2020-02-08,2
"Hebei","China",2020-02-08,1
"Heilongjiang","China",2020-02-08,5
"Henan","China",2020-02-08,4
"Hong Kong","China",2020-02-08,1
"Hubei","China",2020-02-08,780
"Hunan","China",2020-02-08,1
"Inner Mongolia","China",2020-02-08,0
"Jiangsu","China",2020-02-08,0
"Jiangxi","China",2020-02-08,0
"Jilin","China",2020-02-08,1
"Liaoning","China",2020-02-08,0
"Macau","China",2020-02-08,0
"Ningxia","China",2020-02-08,0
"Qinghai","China",2020-02-08,0
"Shaanxi","China",2020-02-08,0
"Shandong","China",2020-02-08,0
"Shanghai","China",2020-02-08,1
"Shanxi","China",2020-02-08,0
"Sichuan","China",2020-02-08,1
"Tianjin","China",2020-02-08,1
"Tibet","China",2020-02-08,0
"Xinjiang","China",2020-02-08,0
"Yunnan","China",2020-02-08,0
"Zhejiang","China",2020-02-08,0
"Anhui","China",2020-02-09,1
"Beijing","China",2020-02-09,2
"Chongqing","China",2020-02-09,2
"Fujian","China",2020-02-09,0
"Gansu","China",2020-02-09,2
"Guangdong","China",2020-02-09,1
"Guangxi","China",2020-02-09,1
"Guizhou","China",2020-02-09,1
"Hainan","China",2020-02-09,3
"Hebei","China",2020-02-09,2
"Heilongjiang","China",2020-02-09,6
"Henan","China",2020-02-09,6
"Hong Kong","China",2020-02-09,1
"Hubei","China",2020-02-09,871
"Hunan","China",2020-02-09,1
"Inner Mongolia","China",2020-02-09,0
"Jiangsu","China",2020-02-09,0
"Jiangxi","China",2020-02-09,0
"Jilin","China",2020-02-09,1
"Liaoning","China",2020-02-09,0
"Macau","China",2020-02-09,0
"Ningxia","China",2020-02-09,0
"Qinghai","China",2020-02-09,0
"Shaanxi","China",2020-02-09,0
"Shandong","China",2020-02-09,1
"Shanghai","China",2020-02-09,1
"Shanxi","China",2020-02-09,0
"Sichuan","China",2020-02-09,1
"Tianjin","China",2020-02-09,1
"Tibet","China",2020-02-09,0
"Xinjiang","China",2020-02-09,0
"Yunnan","China",2020-02-09,0
"Zhejiang","China",2020-02-09,0
"Anhui","China",2020-02-10,3
"Beijing","China",2020-02-10,2
"Chongqing","China",2020-02-10,2
"Fujian","China",2020-02-10,0
"Gansu","China",2020-02-10,2
"Guangdong","China",2020-02-10,1
"Guangxi","China",2020-02-10,1
"Guizhou","China",2020-02-10,1
"Hainan","China",2020-02-10,3
"Hebei","China",2020-02-10,2
"Heilongjiang","China",2020-02-10,7
"Henan","China",2020-02-10,6
"Hong Kong","China",2020-02-10,1
"Hubei","China",2020-02-10,974
"Hunan","China",2020-02-10,1
"Inner Mongolia","China",2020-02-10,0
"Jiangsu","China",2020-02-10,0
"Jiangxi","China",2020-02-10,1
"Jilin","China",2020-02-10,1
"Liaoning","China",2020-02-10,0
"Macau","China",2020-02-10,0
"Ningxia","China",2020-02-10,0
"Qinghai","China",2020-02-10,0
"Shaanxi","China",2020-02-10,0
"Shandong","China",2020-02-10,1
"Shanghai","China",2020-02-10,1
"Shanxi","China",2020-02-10,0
"Sichuan","China",2020-02-10,1
"Tianjin","China",2020-02-10,1
"Tibet","China",2020-02-10,0
"Xinjiang","China",2020-02-10,0
"Yunnan","China",2020-02-10,0
"Zhejiang","China",2020-02-10,0
"Anhui","China",2020-02-11,4
"Beijing","China",2020-02-11,3
"Chongqing","China",2020-02-11,3
"Fujian","China",2020-02-11,0
"Gansu","China",2020-02-11,2
"Guangdong","China",2020-02-11,1
"Guangxi","China",2020-02-11,1
"Guizhou","China",2020-02-11,1
"Hainan","China",2020-02-11,3
"Hebei","China",2020-02-11,2
"Heilongjiang","China",2020-02-11,8
"Henan","China",2020-02-11,7
"Hong Kong","China",2020-02-11,1
"Hubei","China",2020-02-11,1068
"Hunan","China",2020-02-11,1
"Inner Mongolia","China",2020-02-11,0
"Jiangsu","China",2020-02-11,0
"Jiangxi","China",2020-02-11,1
"Jilin","China",2020-02-11,1
"Liaoning","China",2020-02-11,0
"Macau","China",2020-02-11,0
"Ningxia","China",2020-02-11,0
"Qinghai","China",2020-02-11,0
"Shaanxi","China",2020-02-11,0
"Shandong","China",2020-02-11,1
"Shanghai","China",2020-02-11,1
"Shanxi","China",2020-02-11,0
"Sichuan","China",2020-02-11,1
"Tianjin","China",2020-02-11,2
"Tibet","China",2020-02-11,0
"Xinjiang","China",2020-02-11,0
"Yunnan","China",2020-02-11,0
"Zhejiang","China",2020-02-11,0
"Anhui","China",2020-02-12,4
"Beijing","China",2020-02-12,3
"Chongqing","China",2020-02-12,3
"Fujian","China",2020-02-12,0
"Gansu","China",2020-02-12,2
"Guangdong","China",2020-02-12,1
"Guangxi","China",2020-02-12,1
"Guizhou","China",2020-02-12,1
"Hainan","China",2020-02-12,4
"Hebei","China",2020-02-12,2
"Heilongjiang","China",2020-02-12,8
"Henan","China",2020-02-12,8
"Hong Kong","China",2020-02-12,1
"Hubei","China",2020-02-12,1068
"Hunan","China",2020-02-12,2
"Inner Mongolia","China",2020-02-12,0
"Jiangsu","China",2020-02-12,0
"Jiangxi","China",2020-02-12,1
"Jilin","China",2020-02-12,1
"Liaoning","China",2020-02-12,1
"Macau","China",2020-02-12,0
"Ningxia","China",2020-02-12,0
"Qinghai","China",2020-02-12,0
"Shaanxi","China",2020-02-12,0
"Shandong","China",2020-02-12,2
"Shanghai","China",2020-02-12,1
"Shanxi","China",2020-02-12,0
"Sichuan","China",2020-02-12,1
"Tianjin","China",2020-02-12,2
"Tibet","China",2020-02-12,0
"Xinjiang","China",2020-02-12,0
"Yunnan","China",2020-02-12,0
"Zhejiang","China",2020-02-12,0
"Anhui","China",2020-02-13,5
"Beijing","China",2020-02-13,3
"Chongqing","China",2020-02-13,4
"Fujian","China",2020-02-13,0
"Gansu","China",2020-02-13,2
"Guangdong","China",2020-02-13,2
"Guangxi","China",2020-02-13,2
"Guizhou","China",2020-02-13,1
"Hainan","China",2020-02-13,4
"Hebei","China",2020-02-13,3
"Heilongjiang","China",2020-02-13,9
"Henan","China",2020-02-13,10
"Hong Kong","China",2020-02-13,1
"Hubei","China",2020-02-13,1310
"Hunan","China",2020-02-13,2
"Inner Mongolia","China",2020-02-13,0
"Jiangsu","China",2020-02-13,0
"Jiangxi","China",2020-02-13,1
"Jilin","China",2020-02-13,1
"Liaoning","China",2020-02-13,1
"Macau","China",2020-02-13,0
"Ningxia","China",2020-02-13,0
"Qinghai","China",2020-02-13,0
"Shaanxi","China",2020-02-13,0
"Shandong","China",2020-02-13,2
"Shanghai","China",2020-02-13,1
"Shanxi","China",2020-02-13,0
"Sichuan","China",2020-02-13,1
"Tianjin","China",2020-02-13,3
"Tibet","China",2020-02-13,0
"Xinjiang","China",2020-02-13,1
"Yunnan","China",2020-02-13,0
"Zhejiang","China",2020-02-13,0
"Anhui","China",2020-02-14,6
"Beijing","China",2020-02-14,3
"Chongqing","China",2020-02-14,5
"Fujian","China",2020-02-14,0
"Gansu","China",2020-02-14,2
"Guangdong","China",2020-02-14,2
"Guangxi","China",2020-02-14,2
"Guizhou","China",2020-02-14,1
"Hainan","China",2020-02-14,4
"Hebei","China",2020-02-14,3
"Heilongjiang","China",2020-02-14,11
"Henan","China",2020-02-14,11
"Hong Kong","China",2020-02-14,1
"Hubei","China",2020-02-14,1457
"Hunan","China",2020-02-14,2
"Inner Mongolia","China",2020-02-14,0
"Jiangsu","China",2020-02-14,0
"Jiangxi","China",2020-02-14,1
"Jilin","China",2020-02-14,1
"Liaoning","China",2020-02-14,1
"Macau","China",2020-02-14,0
"Ningxia","China",2020-02-14,0
"Qinghai","China",2020-02-14,0
"Shaanxi","China",2020-02-14,0
"Shandong","China",2020-02-14,2
"Shanghai","China",2020-02-14,1
"Shanxi","China",2020-02-14,0
"Sichuan","China",2020-02-14,1
"Tianjin","China",2020-02-14,3
"Tibet","China",2020-02-14,0
"Xinjiang","China",2020-02-14,1
"Yunnan","China",2020-02-14,0
"Zhejiang","China",2020-02-14,0
"Anhui","China",2020-02-15,6
"Beijing","China",2020-02-15,4
"Chongqing","China",2020-02-15,5
"Fujian","China",2020-02-15,0
"Gansu","China",2020-02-15,2
"Guangdong","China",2020-02-15,2
"Guangxi","China",2020-02-15,2
"Guizhou","China",2020-02-15,1
"Hainan","China",2020-02-15,4
"Hebei","China",2020-02-15,3
"Heilongjiang","China",2020-02-15,11
"Henan","China",2020-02-15,13
"Hong Kong","China",2020-02-15,1
"Hubei","China",2020-02-15,1596
"Hunan","China",2020-02-15,2
"Inner Mongolia","China",2020-02-15,0
"Jiangsu","China",2020-02-15,0
"Jiangxi","China",2020-02-15,1
"Jilin","China",2020-02-15,1
"Liaoning","China",2020-02-15,1
"Macau","China",2020-02-15,0
"Ningxia","China",2020-02-15,0
"Qinghai","China",2020-02-15,0
"Shaanxi","China",2020-02-15,0
"Shandong","China",2020-02-15,2
"Shanghai","China",2020-02-15,1
"Shanxi","China",2020-02-15,0
"Sichuan","China",2020-02-15,1
"Tianjin","China",2020-02-15,3
"Tibet","China",2020-02-15,0
"Xinjiang","China",2020-02-15,1
"Yunnan","China",2020-02-15,0
"Zhejiang","China",2020-02-15,0
"Anhui","China",2020-02-16,6
"Beijing","China",2020-02-16,4
"Chongqing","China",2020-02-16,5
"Fujian","China",2020-02-16,0
"Gansu","China",2020-02-16,2
"Guangdong","China",2020-02-16,2
"Guangxi","China",2020-02-16,2
"Guizhou","China",2020-02-16,1
"Hainan","China",2020-02-16,4
"Hebei","China",2020-02-16,3
"Heilongjiang","China",2020-02-16,11
"Henan","China",2020-02-16,13
"Hong Kong","China",2020-02-16,1
"Hubei","China",2020-02-16,1696
"Hunan","China",2020-02-16,3
"Inner Mongolia","China",2020-02-16,0
"Jiangsu","China",2020-02-16,0
"Jiangxi","China",2020-02-16,1
"Jilin","China",2020-02-16,1
"Liaoning","China",2020-02-16,1
"Macau","China",2020-02-16,0
"Ningxia","China",2020-02-16,0
"Qinghai","China",2020-02-16,0
"Shaanxi","China",2020-02-16,0
"Shandong","China",2020-02-16,2
"Shanghai","China",2020-02-16,1
"Shanxi","China",2020-02-16,0
"Sichuan","China",2020-02-16,3
"Tianjin","China",2020-02-16,3
"Tibet","China",2020-02-16,0
"Xinjiang","China",2020-02-16,1
"Yunnan","China",2020-02-16,0
"Zhejiang","China",2020-02-16,0
"Anhui","China",2020-02-17,6
"Beijing","China",2020-02-17,4
"Chongqing","China",2020-02-17,5
"Fujian","China",2020-02-17,0
"Gansu","China",2020-02-17,2
"Guangdong","China",2020-02-17,4
"Guangxi","China",2020-02-17,2
"Guizhou","China",2020-02-17,1
"Hainan","China",2020-02-17,4
"Hebei","China",2020-02-17,3
"Heilongjiang","China",2020-02-17,11
"Henan","China",2020-02-17,16
"Hong Kong","China",2020-02-17,1
"Hubei","China",2020-02-17,1789
"Hunan","China",2020-02-17,3
"Inner Mongolia","China",2020-02-17,0
"Jiangsu","China",2020-02-17,0
"Jiangxi","China",2020-02-17,1
"Jilin","China",2020-02-17,1
"Liaoning","China",2020-02-17,1
"Macau","China",2020-02-17,0
"Ningxia","China",2020-02-17,0
"Qinghai","China",2020-02-17,0
"Shaanxi","China",2020-02-17,0
"Shandong","China",2020-02-17,2
"Shanghai","China",2020-02-17,1
"Shanxi","China",2020-02-17,0
"Sichuan","China",2020-02-17,3
"Tianjin","China",2020-02-17,3
"Tibet","China",2020-02-17,0
"Xinjiang","China",2020-02-17,1
"Yunnan","China",2020-02-17,0
"Zhejiang","China",2020-02-17,0
"Anhui","China",2020-02-18,6
"Beijing","China",2020-02-18,4
"Chongqing","China",2020-02-18,5
"Fujian","China",2020-02-18,0
"Gansu","China",2020-02-18,2
"Guangdong","China",2020-02-18,4
"Guangxi","China",2020-02-18,2
"Guizhou","China",2020-02-18,2
"Hainan","China",2020-02-18,4
"Hebei","China",2020-02-18,4
"Heilongjiang","China",2020-02-18,11
"Henan","China",2020-02-18,19
"Hong Kong","China",2020-02-18,1
"Hubei","China",2020-02-18,1921
"Hunan","China",2020-02-18,4
"Inner Mongolia","China",2020-02-18,0
"Jiangsu","China",2020-02-18,0
"Jiangxi","China",2020-02-18,1
"Jilin","China",2020-02-18,1
"Liaoning","China",2020-02-18,1
"Macau","China",2020-02-18,0
"Ningxia","China",2020-02-18,0
"Qinghai","China",2020-02-18,0
"Shaanxi","China",2020-02-18,0
"Shandong","China",2020-02-18,3
"Shanghai","China",2020-02-18,1
"Shanxi","China",2020-02-18,0
"Sichuan","China",2020-02-18,3
"Tianjin","China",2020-02-18,3
"Tibet","China",2020-02-18,0
"Xinjiang","China",2020-02-18,1
"Yunnan","China",2020-02-18,0
"Zhejiang","China",2020-02-18,0
"Anhui","China",2020-02-19,6
"Beijing","China",2020-02-19,4
"Chongqing","China",2020-02-19,5
"Fujian","China",2020-02-19,0
"Gansu","China",2020-02-19,2
"Guangdong","China",2020-02-19,5
"Guangxi","China",2020-02-19,2
"Guizhou","China",2020-02-19,2
"Hainan","China",2020-02-19,4
"Hebei","China",2020-02-19,4
"Heilongjiang","China",2020-02-19,12
"Henan","China",2020-02-19,19
"Hong Kong","China",2020-02-19,2
"Hubei","China",2020-02-19,2029
"Hunan","China",2020-02-19,4
"Inner Mongolia","China",2020-02-19,0
"Jiangsu","China",2020-02-19,0
"Jiangxi","China",2020-02-19,1
"Jilin","China",2020-02-19,1
"Liaoning","China",2020-02-19,1
"Macau","China",2020-02-19,0
"Ningxia","China",2020-02-19,0
"Qinghai","China",2020-02-19,0
"Shaanxi","China",2020-02-19,0
"Shandong","China",2020-02-19,3
"Shanghai","China",2020-02-19,2
"Shanxi","China",2020-02-19,0
"Sichuan","China",2020-02-19,3
"Tianjin","China",2020-02-19,3
"Tibet","China",2020-02-19,0
"Xinjiang","China",2020-02-19,1
"Yunnan","China",2020-02-19,1
"Zhejiang","China",2020-02-19,0
"Anhui","China",2020-02-20,6
"Beijing","China",2020-02-20,4
"Chongqing","China",2020-02-20,6
"Fujian","China",2020-02-20,1
"Gansu","China",2020-02-20,2
"Guangdong","China",2020-02-20,5
"Guangxi","China",2020-02-20,2
"Guizhou","China",2020-02-20,2
"Hainan","China",2020-02-20,4
"Hebei","China",2020-02-20,5
"Heilongjiang","China",2020-02-20,12
"Henan","China",2020-02-20,19
"Hong Kong","China",2020-02-20,2
"Hubei","China",2020-02-20,2144
"Hunan","China",2020-02-20,4
"Inner Mongolia","China",2020-02-20,0
"Jiangsu","China",2020-02-20,0
"Jiangxi","China",2020-02-20,1
"Jilin","China",2020-02-20,1
"Liaoning","China",2020-02-20,1
"Macau","China",2020-02-20,0
"Ningxia","China",2020-02-20,0
"Qinghai","China",2020-02-20,0
"Shaanxi","China",2020-02-20,1
"Shandong","China",2020-02-20,4
"Shanghai","China",2020-02-20,2
"Shanxi","China",2020-02-20,0
"Sichuan","China",2020-02-20,3
"Tianjin","China",2020-02-20,3
"Tibet","China",2020-02-20,0
"Xinjiang","China",2020-02-20,1
"Yunnan","China",2020-02-20,2
"Zhejiang","China",2020-02-20,1
"Anhui","China",2020-02-21,6
"Beijing","China",2020-02-21,4
"Chongqing","China",2020-02-21,6
"Fujian","China",2020-02-21,1
"Gansu","China",2020-02-21,2
"Guangdong","China",2020-02-21,5
"Guangxi","China",2020-02-21,2
"Guizhou","China",2020-02-21,2
"Hainan","China",2020-02-21,4
"Hebei","China",2020-02-21,5
"Heilongjiang","China",2020-02-21,12
"Henan","China",2020-02-21,19
"Hong Kong","China",2020-02-21,2
"Hubei","China",2020-02-21,2144
"Hunan","China",2020-02-21,4
"Inner Mongolia","China",2020-02-21,0
"Jiangsu","China",2020-02-21,0
"Jiangxi","China",2020-02-21,1
"Jilin","China",2020-02-21,1
"Liaoning","China",2020-02-21,1
"Macau","China",2020-02-21,0
"Ningxia","China",2020-02-21,0
"Qinghai","China",2020-02-21,0
"Shaanxi","China",2020-02-21,1
"Shandong","China",2020-02-21,4
"Shanghai","China",2020-02-21,2
"Shanxi","China",2020-02-21,0
"Sichuan","China",2020-02-21,3
"Tianjin","China",2020-02-21,3
"Tibet","China",2020-02-21,0
"Xinjiang","China",2020-02-21,1
"Yunnan","China",2020-02-21,2
"Zhejiang","China",2020-02-21,1
"Anhui","China",2020-02-22,6
"Beijing","China",2020-02-22,4
"Chongqing","China",2020-02-22,6
"Fujian","China",2020-02-22,1
"Gansu","China",2020-02-22,2
"Guangdong","China",2020-02-22,5
"Guangxi","China",2020-02-22,2
"Guizhou","China",2020-02-22,2
"Hainan","China",2020-02-22,4
"Hebei","China",2020-02-22,6
"Heilongjiang","China",2020-02-22,12
"Henan","China",2020-02-22,19
"Hong Kong","China",2020-02-22,2
"Hubei","China",2020-02-22,2346
"Hunan","China",2020-02-22,4
"Inner Mongolia","China",2020-02-22,0
"Jiangsu","China",2020-02-22,0
"Jiangxi","China",2020-02-22,1
"Jilin","China",2020-02-22,1
"Liaoning","China",2020-02-22,1
"Macau","China",2020-02-22,0
"Ningxia","China",2020-02-22,0
"Qinghai","China",2020-02-22,0
"Shaanxi","China",2020-02-22,1
"Shandong","China",2020-02-22,4
"Shanghai","China",2020-02-22,3
"Shanxi","China",2020-02-22,0
"Sichuan","China",2020-02-22,3
"Tianjin","China",2020-02-22,3
"Tibet","China",2020-02-22,0
"Xinjiang","China",2020-02-22,2
"Yunnan","China",2020-02-22,2
"Zhejiang","China",2020-02-22,1
"Anhui","China",2020-02-23,6
"Beijing","China",2020-02-23,4
"Chongqing","China",2020-02-23,6
"Fujian","China",2020-02-23,1
"Gansu","China",2020-02-23,2
"Guangdong","China",2020-02-23,6
"Guangxi","China",2020-02-23,2
"Guizhou","China",2020-02-23,2
"Hainan","China",2020-02-23,5
"Hebei","China",2020-02-23,6
"Heilongjiang","China",2020-02-23,12
"Henan","China",2020-02-23,19
"Hong Kong","China",2020-02-23,2
"Hubei","China",2020-02-23,2346
"Hunan","China",2020-02-23,4
"Inner Mongolia","China",2020-02-23,0
"Jiangsu","China",2020-02-23,0
"Jiangxi","China",2020-02-23,1
"Jilin","China",2020-02-23,1
"Liaoning","China",2020-02-23,1
"Macau","China",2020-02-23,0
"Ningxia","China",2020-02-23,0
"Qinghai","China",2020-02-23,0
"Shaanxi","China",2020-02-23,1
"Shandong","China",2020-02-23,4
"Shanghai","China",2020-02-23,3
"Shanxi","China",2020-02-23,0
"Sichuan","China",2020-02-23,3
"Tianjin","China",2020-02-23,3
"Tibet","China",2020-02-23,0
"Xinjiang","China",2020-02-23,2
"Yunnan","China",2020-02-23,2
"Zhejiang","China",2020-02-23,1
"Anhui","China",2020-02-24,6
"Beijing","China",2020-02-24,4
"Chongqing","China",2020-02-24,6
"Fujian","China",2020-02-24,1
"Gansu","China",2020-02-24,2
"Guangdong","China",2020-02-24,6
"Guangxi","China",2020-02-24,2
"Guizhou","China",2020-02-24,2
"Hainan","China",2020-02-24,5
"Hebei","China",2020-02-24,6
"Heilongjiang","China",2020-02-24,12
"Henan","China",2020-02-24,19
"Hong Kong","China",2020-02-24,2
"Hubei","China",2020-02-24,2495
"Hunan","China",2020-02-24,4
"Inner Mongolia","China",2020-02-24,0
"Jiangsu","China",2020-02-24,0
"Jiangxi","China",2020-02-24,1
"Jilin","China",2020-02-24,1
"Liaoning","China",2020-02-24,1
"Macau","China",2020-02-24,0
"Ningxia","China",2020-02-24,0
"Qinghai","China",2020-02-24,0
"Shaanxi","China",2020-02-24,1
"Shandong","China",2020-02-24,5
"Shanghai","China",2020-02-24,3
"Shanxi","China",2020-02-24,0
"Sichuan","China",2020-02-24,3
"Tianjin","China",2020-02-24,3
"Tibet","China",2020-02-24,0
"Xinjiang","China",2020-02-24,2
"Yunnan","China",2020-02-24,2
"Zhejiang","China",2020-02-24,1
"Anhui","China",2020-02-25,6
"Beijing","China",2020-02-25,4
"Chongqing","China",2020-02-25,6
"Fujian","China",2020-02-25,1
"Gansu","China",2020-02-25,2
"Guangdong","China",2020-02-25,7
"Guangxi","China",2020-02-25,2
"Guizhou","China",2020-02-25,2
"Hainan","China",2020-02-25,5
"Hebei","China",2020-02-25,6
"Heilongjiang","China",2020-02-25,12
"Henan","China",2020-02-25,19
"Hong Kong","China",2020-02-25,2
"Hubei","China",2020-02-25,2563
"Hunan","China",2020-02-25,4
"Inner Mongolia","China",2020-02-25,0
"Jiangsu","China",2020-02-25,0
"Jiangxi","China",2020-02-25,1
"Jilin","China",2020-02-25,1
"Liaoning","China",2020-02-25,1
"Macau","China",2020-02-25,0
"Ningxia","China",2020-02-25,0
"Qinghai","China",2020-02-25,0
"Shaanxi","China",2020-02-25,1
"Shandong","China",2020-02-25,6
"Shanghai","China",2020-02-25,3
"Shanxi","China",2020-02-25,0
"Sichuan","China",2020-02-25,3
"Tianjin","China",2020-02-25,3
"Tibet","China",2020-02-25,0
"Xinjiang","China",2020-02-25,2
"Yunnan","China",2020-02-25,2
"Zhejiang","China",2020-02-25,1
"Anhui","China",2020-02-26,6
"Beijing","China",2020-02-26,4
"Chongqing","China",2020-02-26,6
"Fujian","China",2020-02-26,1
"Gansu","China",2020-02-26,2
"Guangdong","China",2020-02-26,7
"Guangxi","China",2020-02-26,2
"Guizhou","China",2020-02-26,2
"Hainan","China",2020-02-26,5
"Hebei","China",2020-02-26,6
"Heilongjiang","China",2020-02-26,12
"Henan","China",2020-02-26,19
"Hong Kong","China",2020-02-26,2
"Hubei","China",2020-02-26,2615
"Hunan","China",2020-02-26,4
"Inner Mongolia","China",2020-02-26,0
"Jiangsu","China",2020-02-26,0
"Jiangxi","China",2020-02-26,1
"Jilin","China",2020-02-26,1
"Liaoning","China",2020-02-26,1
"Macau","China",2020-02-26,0
"Ningxia","China",2020-02-26,0
"Qinghai","China",2020-02-26,0
"Shaanxi","China",2020-02-26,1
"Shandong","China",2020-02-26,6
"Shanghai","China",2020-02-26,3
"Shanxi","China",2020-02-26,0
"Sichuan","China",2020-02-26,3
"Tianjin","China",2020-02-26,3
"Tibet","China",2020-02-26,0
"Xinjiang","China",2020-02-26,2
"Yunnan","China",2020-02-26,2
"Zhejiang","China",2020-02-26,1
"Anhui","China",2020-02-27,6
"Beijing","China",2020-02-27,5
"Chongqing","China",2020-02-27,6
"Fujian","China",2020-02-27,1
"Gansu","China",2020-02-27,2
"Guangdong","China",2020-02-27,7
"Guangxi","China",2020-02-27,2
"Guizhou","China",2020-02-27,2
"Hainan","China",2020-02-27,5
"Hebei","China",2020-02-27,6
"Heilongjiang","China",2020-02-27,13
"Henan","China",2020-02-27,20
"Hong Kong","China",2020-02-27,2
"Hubei","China",2020-02-27,2641
"Hunan","China",2020-02-27,4
"Inner Mongolia","China",2020-02-27,0
"Jiangsu","China",2020-02-27,0
"Jiangxi","China",2020-02-27,1
"Jilin","China",2020-02-27,1
"Liaoning","China",2020-02-27,1
"Macau","China",2020-02-27,0
"Ningxia","China",2020-02-27,0
"Qinghai","China",2020-02-27,0
"Shaanxi","China",2020-02-27,1
"Shandong","China",2020-02-27,6
"Shanghai","China",2020-02-27,3
"Shanxi","China",2020-02-27,0
"Sichuan","China",2020-02-27,3
"Tianjin","China",2020-02-27,3
"Tibet","China",2020-02-27,0
"Xinjiang","China",2020-02-27,2
"Yunnan","China",2020-02-27,2
"Zhejiang","China",2020-02-27,1
"Anhui","China",2020-02-28,6
"Beijing","China",2020-02-28,7
"Chongqing","China",2020-02-28,6
"Fujian","China",2020-02-28,1
"Gansu","China",2020-02-28,2
"Guangdong","China",2020-02-28,7
"Guangxi","China",2020-02-28,2
"Guizhou","China",2020-02-28,2
"Hainan","China",2020-02-28,5
"Hebei","China",2020-02-28,6
"Heilongjiang","China",2020-02-28,13
"Henan","China",2020-02-28,20
"Hong Kong","China",2020-02-28,2
"Hubei","China",2020-02-28,2682
"Hunan","China",2020-02-28,4
"Inner Mongolia","China",2020-02-28,0
"Jiangsu","China",2020-02-28,0
"Jiangxi","China",2020-02-28,1
"Jilin","China",2020-02-28,1
"Liaoning","China",2020-02-28,1
"Macau","China",2020-02-28,0
"Ningxia","China",2020-02-28,0
"Qinghai","China",2020-02-28,0
"Shaanxi","China",2020-02-28,1
"Shandong","China",2020-02-28,6
"Shanghai","China",2020-02-28,3
"Shanxi","China",2020-02-28,0
"Sichuan","China",2020-02-28,3
"Tianjin","China",2020-02-28,3
"Tibet","China",2020-02-28,0
"Xinjiang","China",2020-02-28,3
"Yunnan","China",2020-02-28,2
"Zhejiang","China",2020-02-28,1
"Anhui","China",2020-02-29,6
"Beijing","China",2020-02-29,8
"Chongqing","China",2020-02-29,6
"Fujian","China",2020-02-29,1
"Gansu","China",2020-02-29,2
"Guangdong","China",2020-02-29,7
"Guangxi","China",2020-02-29,2
"Guizhou","China",2020-02-29,2
"Hainan","China",2020-02-29,5
"Hebei","China",2020-02-29,6
"Heilongjiang","China",2020-02-29,13
"Henan","China",2020-02-29,21
"Hong Kong","China",2020-02-29,2
"Hubei","China",2020-02-29,2727
"Hunan","China",2020-02-29,4
"Inner Mongolia","China",2020-02-29,0
"Jiangsu","China",2020-02-29,0
"Jiangxi","China",2020-02-29,1
"Jilin","China",2020-02-29,1
"Liaoning","China",2020-02-29,1
"Macau","China",2020-02-29,0
"Ningxia","China",2020-02-29,0
"Qinghai","China",2020-02-29,0
"Shaanxi","China",2020-02-29,1
"Shandong","China",2020-02-29,6
"Shanghai","China",2020-02-29,3
"Shanxi","China",2020-02-29,0
"Sichuan","China",2020-02-29,3
"Tianjin","China",2020-02-29,3
"Tibet","China",2020-02-29,0
"Xinjiang","China",2020-02-29,3
"Yunnan","China",2020-02-29,2
"Zhejiang","China",2020-02-29,1
"Anhui","China",2020-03-01,6
"Beijing","China",2020-03-01,8
"Chongqing","China",2020-03-01,6
"Fujian","China",2020-03-01,1
"Gansu","China",2020-03-01,2
"Guangdong","China",2020-03-01,7
"Guangxi","China",2020-03-01,2
"Guizhou","China",2020-03-01,2
"Hainan","China",2020-03-01,5
"Hebei","China",2020-03-01,6
"Heilongjiang","China",2020-03-01,13
"Henan","China",2020-03-01,22
"Hong Kong","China",2020-03-01,2
"Hubei","China",2020-03-01,2761
"Hunan","China",2020-03-01,4
"Inner Mongolia","China",2020-03-01,0
"Jiangsu","China",2020-03-01,0
"Jiangxi","China",2020-03-01,1
"Jilin","China",2020-03-01,1
"Liaoning","China",2020-03-01,1
"Macau","China",2020-03-01,0
"Ningxia","China",2020-03-01,0
"Qinghai","China",2020-03-01,0
"Shaanxi","China",2020-03-01,1
"Shandong","China",2020-03-01,6
"Shanghai","China",2020-03-01,3
"Shanxi","China",2020-03-01,0
"Sichuan","China",2020-03-01,3
"Tianjin","China",2020-03-01,3
"Tibet","China",2020-03-01,0
"Xinjiang","China",2020-03-01,3
"Yunnan","China",2020-03-01,2
"Zhejiang","China",2020-03-01,1
"Anhui","China",2020-03-02,6
"Beijing","China",2020-03-02,8
"Chongqing","China",2020-03-02,6
"Fujian","China",2020-03-02,1
"Gansu","China",2020-03-02,2
"Guangdong","China",2020-03-02,7
"Guangxi","China",2020-03-02,2
"Guizhou","China",2020-03-02,2
"Hainan","China",2020-03-02,5
"Hebei","China",2020-03-02,6
"Heilongjiang","China",2020-03-02,13
"Henan","China",2020-03-02,22
"Hong Kong","China",2020-03-02,2
"Hubei","China",2020-03-02,2803
"Hunan","China",2020-03-02,4
"Inner Mongolia","China",2020-03-02,0
"Jiangsu","China",2020-03-02,0
"Jiangxi","China",2020-03-02,1
"Jilin","China",2020-03-02,1
"Liaoning","China",2020-03-02,1
"Macau","China",2020-03-02,0
"Ningxia","China",2020-03-02,0
"Qinghai","China",2020-03-02,0
"Shaanxi","China",2020-03-02,1
"Shandong","China",2020-03-02,6
"Shanghai","China",2020-03-02,3
"Shanxi","China",2020-03-02,0
"Sichuan","China",2020-03-02,3
"Tianjin","China",2020-03-02,3
"Tibet","China",2020-03-02,0
"Xinjiang","China",2020-03-02,3
"Yunnan","China",2020-03-02,2
"Zhejiang","China",2020-03-02,1
"Anhui","China",2020-03-03,6
"Beijing","China",2020-03-03,8
"Chongqing","China",2020-03-03,6
"Fujian","China",2020-03-03,1
"Gansu","China",2020-03-03,2
"Guangdong","China",2020-03-03,7
"Guangxi","China",2020-03-03,2
"Guizhou","China",2020-03-03,2
"Hainan","China",2020-03-03,5
"Hebei","China",2020-03-03,6
"Heilongjiang","China",2020-03-03,13
"Henan","China",2020-03-03,22
"Hong Kong","China",2020-03-03,2
"Hubei","China",2020-03-03,2835
"Hunan","China",2020-03-03,4
"Inner Mongolia","China",2020-03-03,1
"Jiangsu","China",2020-03-03,0
"Jiangxi","China",2020-03-03,1
"Jilin","China",2020-03-03,1
"Liaoning","China",2020-03-03,1
"Macau","China",2020-03-03,0
"Ningxia","China",2020-03-03,0
"Qinghai","China",2020-03-03,0
"Shaanxi","China",2020-03-03,1
"Shandong","China",2020-03-03,6
"Shanghai","China",2020-03-03,3
"Shanxi","China",2020-03-03,0
"Sichuan","China",2020-03-03,3
"Tianjin","China",2020-03-03,3
"Tibet","China",2020-03-03,0
"Xinjiang","China",2020-03-03,3
"Yunnan","China",2020-03-03,2
"Zhejiang","China",2020-03-03,1
"Anhui","China",2020-03-04,6
"Beijing","China",2020-03-04,8
"Chongqing","China",2020-03-04,6
"Fujian","China",2020-03-04,1
"Gansu","China",2020-03-04,2
"Guangdong","China",2020-03-04,7
"Guangxi","China",2020-03-04,2
"Guizhou","China",2020-03-04,2
"Hainan","China",2020-03-04,5
"Hebei","China",2020-03-04,6
"Heilongjiang","China",2020-03-04,13
"Henan","China",2020-03-04,22
"Hong Kong","China",2020-03-04,2
"Hubei","China",2020-03-04,2871
"Hunan","China",2020-03-04,4
"Inner Mongolia","China",2020-03-04,1
"Jiangsu","China",2020-03-04,0
"Jiangxi","China",2020-03-04,1
"Jilin","China",2020-03-04,1
"Liaoning","China",2020-03-04,1
"Macau","China",2020-03-04,0
"Ningxia","China",2020-03-04,0
"Qinghai","China",2020-03-04,0
"Shaanxi","China",2020-03-04,1
"Shandong","China",2020-03-04,6
"Shanghai","China",2020-03-04,3
"Shanxi","China",2020-03-04,0
"Sichuan","China",2020-03-04,3
"Tianjin","China",2020-03-04,3
"Tibet","China",2020-03-04,0
"Xinjiang","China",2020-03-04,3
"Yunnan","China",2020-03-04,2
"Zhejiang","China",2020-03-04,1
"Anhui","China",2020-03-05,6
"Beijing","China",2020-03-05,8
"Chongqing","China",2020-03-05,6
"Fujian","China",2020-03-05,1
"Gansu","China",2020-03-05,2
"Guangdong","China",2020-03-05,7
"Guangxi","China",2020-03-05,2
"Guizhou","China",2020-03-05,2
"Hainan","China",2020-03-05,6
"Hebei","China",2020-03-05,6
"Heilongjiang","China",2020-03-05,13
"Henan","China",2020-03-05,22
"Hong Kong","China",2020-03-05,2
"Hubei","China",2020-03-05,2902
"Hunan","China",2020-03-05,4
"Inner Mongolia","China",2020-03-05,1
"Jiangsu","China",2020-03-05,0
"Jiangxi","China",2020-03-05,1
"Jilin","China",2020-03-05,1
"Liaoning","China",2020-03-05,1
"Macau","China",2020-03-05,0
"Ningxia","China",2020-03-05,0
"Qinghai","China",2020-03-05,0
"Shaanxi","China",2020-03-05,1
"Shandong","China",2020-03-05,6
"Shanghai","China",2020-03-05,3
"Shanxi","China",2020-03-05,0
"Sichuan","China",2020-03-05,3
"Tianjin","China",2020-03-05,3
"Tibet","China",2020-03-05,0
"Xinjiang","China",2020-03-05,3
"Yunnan","China",2020-03-05,2
"Zhejiang","China",2020-03-05,1
"Anhui","China",2020-03-06,6
"Beijing","China",2020-03-06,8
"Chongqing","China",2020-03-06,6
"Fujian","China",2020-03-06,1
"Gansu","China",2020-03-06,2
"Guangdong","China",2020-03-06,7
"Guangxi","China",2020-03-06,2
"Guizhou","China",2020-03-06,2
"Hainan","China",2020-03-06,6
"Hebei","China",2020-03-06,6
"Heilongjiang","China",2020-03-06,13
"Henan","China",2020-03-06,22
"Hong Kong","China",2020-03-06,2
"Hubei","China",2020-03-06,2931
"Hunan","China",2020-03-06,4
"Inner Mongolia","China",2020-03-06,1
"Jiangsu","China",2020-03-06,0
"Jiangxi","China",2020-03-06,1
"Jilin","China",2020-03-06,1
"Liaoning","China",2020-03-06,1
"Macau","China",2020-03-06,0
"Ningxia","China",2020-03-06,0
"Qinghai","China",2020-03-06,0
"Shaanxi","China",2020-03-06,1
"Shandong","China",2020-03-06,6
"Shanghai","China",2020-03-06,3
"Shanxi","China",2020-03-06,0
"Sichuan","China",2020-03-06,3
"Tianjin","China",2020-03-06,3
"Tibet","China",2020-03-06,0
"Xinjiang","China",2020-03-06,3
"Yunnan","China",2020-03-06,2
"Zhejiang","China",2020-03-06,1
"Anhui","China",2020-03-07,6
"Beijing","China",2020-03-07,8
"Chongqing","China",2020-03-07,6
"Fujian","China",2020-03-07,1
"Gansu","China",2020-03-07,2
"Guangdong","China",2020-03-07,7
"Guangxi","China",2020-03-07,2
"Guizhou","China",2020-03-07,2
"Hainan","China",2020-03-07,6
"Hebei","China",2020-03-07,6
"Heilongjiang","China",2020-03-07,13
"Henan","China",2020-03-07,22
"Hong Kong","China",2020-03-07,2
"Hubei","China",2020-03-07,2959
"Hunan","China",2020-03-07,4
"Inner Mongolia","China",2020-03-07,1
"Jiangsu","China",2020-03-07,0
"Jiangxi","China",2020-03-07,1
"Jilin","China",2020-03-07,1
"Liaoning","China",2020-03-07,1
"Macau","China",2020-03-07,0
"Ningxia","China",2020-03-07,0
"Qinghai","China",2020-03-07,0
"Shaanxi","China",2020-03-07,1
"Shandong","China",2020-03-07,6
"Shanghai","China",2020-03-07,3
"Shanxi","China",2020-03-07,0
"Sichuan","China",2020-03-07,3
"Tianjin","China",2020-03-07,3
"Tibet","China",2020-03-07,0
"Xinjiang","China",2020-03-07,3
"Yunnan","China",2020-03-07,2
"Zhejiang","China",2020-03-07,1
"Anhui","China",2020-03-08,6
"Beijing","China",2020-03-08,8
"Chongqing","China",2020-03-08,6
"Fujian","China",2020-03-08,1
"Gansu","China",2020-03-08,2
"Guangdong","China",2020-03-08,7
"Guangxi","China",2020-03-08,2
"Guizhou","China",2020-03-08,2
"Hainan","China",2020-03-08,6
"Hebei","China",2020-03-08,6
"Heilongjiang","China",2020-03-08,13
"Henan","China",2020-03-08,22
"Hong Kong","China",2020-03-08,3
"Hubei","China",2020-03-08,2986
"Hunan","China",2020-03-08,4
"Inner Mongolia","China",2020-03-08,1
"Jiangsu","China",2020-03-08,0
"Jiangxi","China",2020-03-08,1
"Jilin","China",2020-03-08,1
"Liaoning","China",2020-03-08,1
"Macau","China",2020-03-08,0
"Ningxia","China",2020-03-08,0
"Qinghai","China",2020-03-08,0
"Shaanxi","China",2020-03-08,1
"Shandong","China",2020-03-08,6
"Shanghai","China",2020-03-08,3
"Shanxi","China",2020-03-08,0
"Sichuan","China",2020-03-08,3
"Tianjin","China",2020-03-08,3
"Tibet","China",2020-03-08,0
"Xinjiang","China",2020-03-08,3
"Yunnan","China",2020-03-08,2
"Zhejiang","China",2020-03-08,1
"Anhui","China",2020-03-09,6
"Beijing","China",2020-03-09,8
"Chongqing","China",2020-03-09,6
"Fujian","China",2020-03-09,1
"Gansu","China",2020-03-09,2
"Guangdong","China",2020-03-09,8
"Guangxi","China",2020-03-09,2
"Guizhou","China",2020-03-09,2
"Hainan","China",2020-03-09,6
"Hebei","China",2020-03-09,6
"Heilongjiang","China",2020-03-09,13
"Henan","China",2020-03-09,22
"Hong Kong","China",2020-03-09,3
"Hubei","China",2020-03-09,3008
"Hunan","China",2020-03-09,4
"Inner Mongolia","China",2020-03-09,1
"Jiangsu","China",2020-03-09,0
"Jiangxi","China",2020-03-09,1
"Jilin","China",2020-03-09,1
"Liaoning","China",2020-03-09,1
"Macau","China",2020-03-09,0
"Ningxia","China",2020-03-09,0
"Qinghai","China",2020-03-09,0
"Shaanxi","China",2020-03-09,1
"Shandong","China",2020-03-09,6
"Shanghai","China",2020-03-09,3
"Shanxi","China",2020-03-09,0
"Sichuan","China",2020-03-09,3
"Tianjin","China",2020-03-09,3
"Tibet","China",2020-03-09,0
"Xinjiang","China",2020-03-09,3
"Yunnan","China",2020-03-09,2
"Zhejiang","China",2020-03-09,1
"Anhui","China",2020-03-10,6
"Beijing","China",2020-03-10,8
"Chongqing","China",2020-03-10,6
"Fujian","China",2020-03-10,1
"Gansu","China",2020-03-10,2
"Guangdong","China",2020-03-10,8
"Guangxi","China",2020-03-10,2
"Guizhou","China",2020-03-10,2
"Hainan","China",2020-03-10,6
"Hebei","China",2020-03-10,6
"Heilongjiang","China",2020-03-10,13
"Henan","China",2020-03-10,22
"Hong Kong","China",2020-03-10,3
"Hubei","China",2020-03-10,3024
"Hunan","China",2020-03-10,4
"Inner Mongolia","China",2020-03-10,1
"Jiangsu","China",2020-03-10,0
"Jiangxi","China",2020-03-10,1
"Jilin","China",2020-03-10,1
"Liaoning","China",2020-03-10,1
"Macau","China",2020-03-10,0
"Ningxia","China",2020-03-10,0
"Qinghai","China",2020-03-10,0
"Shaanxi","China",2020-03-10,1
"Shandong","China",2020-03-10,6
"Shanghai","China",2020-03-10,3
"Shanxi","China",2020-03-10,0
"Sichuan","China",2020-03-10,3
"Tianjin","China",2020-03-10,3
"Tibet","China",2020-03-10,0
"Xinjiang","China",2020-03-10,3
"Yunnan","China",2020-03-10,2
"Zhejiang","China",2020-03-10,1
"Anhui","China",2020-03-11,6
"Beijing","China",2020-03-11,8
"Chongqing","China",2020-03-11,6
"Fujian","China",2020-03-11,1
"Gansu","China",2020-03-11,2
"Guangdong","China",2020-03-11,8
"Guangxi","China",2020-03-11,2
"Guizhou","China",2020-03-11,2
"Hainan","China",2020-03-11,6
"Hebei","China",2020-03-11,6
"Heilongjiang","China",2020-03-11,13
"Henan","China",2020-03-11,22
"Hong Kong","China",2020-03-11,3
"Hubei","China",2020-03-11,3046
"Hunan","China",2020-03-11,4
"Inner Mongolia","China",2020-03-11,1
"Jiangsu","China",2020-03-11,0
"Jiangxi","China",2020-03-11,1
"Jilin","China",2020-03-11,1
"Liaoning","China",2020-03-11,1
"Macau","China",2020-03-11,0
"Ningxia","China",2020-03-11,0
"Qinghai","China",2020-03-11,0
"Shaanxi","China",2020-03-11,1
"Shandong","China",2020-03-11,6
"Shanghai","China",2020-03-11,3
"Shanxi","China",2020-03-11,0
"Sichuan","China",2020-03-11,3
"Tianjin","China",2020-03-11,3
"Tibet","China",2020-03-11,0
"Xinjiang","China",2020-03-11,3
"Yunnan","China",2020-03-11,2
"Zhejiang","China",2020-03-11,1
"Anhui","China",2020-03-12,6
"Beijing","China",2020-03-12,8
"Chongqing","China",2020-03-12,6
"Fujian","China",2020-03-12,1
"Gansu","China",2020-03-12,2
"Guangdong","China",2020-03-12,8
"Guangxi","China",2020-03-12,2
"Guizhou","China",2020-03-12,2
"Hainan","China",2020-03-12,6
"Hebei","China",2020-03-12,6
"Heilongjiang","China",2020-03-12,13
"Henan","China",2020-03-12,22
"Hong Kong","China",2020-03-12,3
"Hubei","China",2020-03-12,3056
"Hunan","China",2020-03-12,4
"Inner Mongolia","China",2020-03-12,1
"Jiangsu","China",2020-03-12,0
"Jiangxi","China",2020-03-12,1
"Jilin","China",2020-03-12,1
"Liaoning","China",2020-03-12,1
"Macau","China",2020-03-12,0
"Ningxia","China",2020-03-12,0
"Qinghai","China",2020-03-12,0
"Shaanxi","China",2020-03-12,2
"Shandong","China",2020-03-12,6
"Shanghai","China",2020-03-12,3
"Shanxi","China",2020-03-12,0
"Sichuan","China",2020-03-12,3
"Tianjin","China",2020-03-12,3
"Tibet","China",2020-03-12,0
"Xinjiang","China",2020-03-12,3
"Yunnan","China",2020-03-12,2
"Zhejiang","China",2020-03-12,1
"Anhui","China",2020-03-13,6
"Beijing","China",2020-03-13,8
"Chongqing","China",2020-03-13,6
"Fujian","China",2020-03-13,1
"Gansu","China",2020-03-13,2
"Guangdong","China",2020-03-13,8
"Guangxi","China",2020-03-13,2
"Guizhou","China",2020-03-13,2
"Hainan","China",2020-03-13,6
"Hebei","China",2020-03-13,6
"Heilongjiang","China",2020-03-13,13
"Henan","China",2020-03-13,22
"Hong Kong","China",2020-03-13,4
"Hubei","China",2020-03-13,3062
"Hunan","China",2020-03-13,4
"Inner Mongolia","China",2020-03-13,1
"Jiangsu","China",2020-03-13,0
"Jiangxi","China",2020-03-13,1
"Jilin","China",2020-03-13,1
"Liaoning","China",2020-03-13,1
"Macau","China",2020-03-13,0
"Ningxia","China",2020-03-13,0
"Qinghai","China",2020-03-13,0
"Shaanxi","China",2020-03-13,2
"Shandong","China",2020-03-13,7
"Shanghai","China",2020-03-13,3
"Shanxi","China",2020-03-13,0
"Sichuan","China",2020-03-13,3
"Tianjin","China",2020-03-13,3
"Tibet","China",2020-03-13,0
"Xinjiang","China",2020-03-13,3
"Yunnan","China",2020-03-13,2
"Zhejiang","China",2020-03-13,1
"Anhui","China",2020-03-14,6
"Beijing","China",2020-03-14,8
"Chongqing","China",2020-03-14,6
"Fujian","China",2020-03-14,1
"Gansu","China",2020-03-14,2
"Guangdong","China",2020-03-14,8
"Guangxi","China",2020-03-14,2
"Guizhou","China",2020-03-14,2
"Hainan","China",2020-03-14,6
"Hebei","China",2020-03-14,6
"Heilongjiang","China",2020-03-14,13
"Henan","China",2020-03-14,22
"Hong Kong","China",2020-03-14,4
"Hubei","China",2020-03-14,3075
"Hunan","China",2020-03-14,4
"Inner Mongolia","China",2020-03-14,1
"Jiangsu","China",2020-03-14,0
"Jiangxi","China",2020-03-14,1
"Jilin","China",2020-03-14,1
"Liaoning","China",2020-03-14,1
"Macau","China",2020-03-14,0
"Ningxia","China",2020-03-14,0
"Qinghai","China",2020-03-14,0
"Shaanxi","China",2020-03-14,2
"Shandong","China",2020-03-14,7
"Shanghai","China",2020-03-14,3
"Shanxi","China",2020-03-14,0
"Sichuan","China",2020-03-14,3
"Tianjin","China",2020-03-14,3
"Tibet","China",2020-03-14,0
"Xinjiang","China",2020-03-14,3
"Yunnan","China",2020-03-14,2
"Zhejiang","China",2020-03-14,1
"Anhui","China",2020-03-15,6
"Beijing","China",2020-03-15,8
"Chongqing","China",2020-03-15,6
"Fujian","China",2020-03-15,1
"Gansu","China",2020-03-15,2
"Guangdong","China",2020-03-15,8
"Guangxi","China",2020-03-15,2
"Guizhou","China",2020-03-15,2
"Hainan","China",2020-03-15,6
"Hebei","China",2020-03-15,6
"Heilongjiang","China",2020-03-15,13
"Henan","China",2020-03-15,22
"Hong Kong","China",2020-03-15,4
"Hubei","China",2020-03-15,3085
"Hunan","China",2020-03-15,4
"Inner Mongolia","China",2020-03-15,1
"Jiangsu","China",2020-03-15,0
"Jiangxi","China",2020-03-15,1
"Jilin","China",2020-03-15,1
"Liaoning","China",2020-03-15,1
"Macau","China",2020-03-15,0
"Ningxia","China",2020-03-15,0
"Qinghai","China",2020-03-15,0
"Shaanxi","China",2020-03-15,2
"Shandong","China",2020-03-15,7
"Shanghai","China",2020-03-15,3
"Shanxi","China",2020-03-15,0
"Sichuan","China",2020-03-15,3
"Tianjin","China",2020-03-15,3
"Tibet","China",2020-03-15,0
"Xinjiang","China",2020-03-15,3
"Yunnan","China",2020-03-15,2
"Zhejiang","China",2020-03-15,1
"Anhui","China",2020-03-16,6
"Beijing","China",2020-03-16,8
"Chongqing","China",2020-03-16,6
"Fujian","China",2020-03-16,1
"Gansu","China",2020-03-16,2
"Guangdong","China",2020-03-16,8
"Guangxi","China",2020-03-16,2
"Guizhou","China",2020-03-16,2
"Hainan","China",2020-03-16,6
"Hebei","China",2020-03-16,6
"Heilongjiang","China",2020-03-16,13
"Henan","China",2020-03-16,22
"Hong Kong","China",2020-03-16,4
"Hubei","China",2020-03-16,3099
"Hunan","China",2020-03-16,4
"Inner Mongolia","China",2020-03-16,1
"Jiangsu","China",2020-03-16,0
"Jiangxi","China",2020-03-16,1
"Jilin","China",2020-03-16,1
"Liaoning","China",2020-03-16,1
"Macau","China",2020-03-16,0
"Ningxia","China",2020-03-16,0
"Qinghai","China",2020-03-16,0
"Shaanxi","China",2020-03-16,2
"Shandong","China",2020-03-16,7
"Shanghai","China",2020-03-16,3
"Shanxi","China",2020-03-16,0
"Sichuan","China",2020-03-16,3
"Tianjin","China",2020-03-16,3
"Tibet","China",2020-03-16,0
"Xinjiang","China",2020-03-16,3
"Yunnan","China",2020-03-16,2
"Zhejiang","China",2020-03-16,1
"Anhui","China",2020-03-17,6
"Beijing","China",2020-03-17,8
"Chongqing","China",2020-03-17,6
"Fujian","China",2020-03-17,1
"Gansu","China",2020-03-17,2
"Guangdong","China",2020-03-17,8
"Guangxi","China",2020-03-17,2
"Guizhou","China",2020-03-17,2
"Hainan","China",2020-03-17,6
"Hebei","China",2020-03-17,6
"Heilongjiang","China",2020-03-17,13
"Henan","China",2020-03-17,22
"Hong Kong","China",2020-03-17,4
"Hubei","China",2020-03-17,3111
"Hunan","China",2020-03-17,4
"Inner Mongolia","China",2020-03-17,1
"Jiangsu","China",2020-03-17,0
"Jiangxi","China",2020-03-17,1
"Jilin","China",2020-03-17,1
"Liaoning","China",2020-03-17,1
"Macau","China",2020-03-17,0
"Ningxia","China",2020-03-17,0
"Qinghai","China",2020-03-17,0
"Shaanxi","China",2020-03-17,3
"Shandong","China",2020-03-17,7
"Shanghai","China",2020-03-17,3
"Shanxi","China",2020-03-17,0
"Sichuan","China",2020-03-17,3
"Tianjin","China",2020-03-17,3
"Tibet","China",2020-03-17,0
"Xinjiang","China",2020-03-17,3
"Yunnan","China",2020-03-17,2
"Zhejiang","China",2020-03-17,1
"Anhui","China",2020-03-18,6
"Beijing","China",2020-03-18,8
"Chongqing","China",2020-03-18,6
"Fujian","China",2020-03-18,1
"Gansu","China",2020-03-18,2
"Guangdong","China",2020-03-18,8
"Guangxi","China",2020-03-18,2
"Guizhou","China",2020-03-18,2
"Hainan","China",2020-03-18,6
"Hebei","China",2020-03-18,6
"Heilongjiang","China",2020-03-18,13
"Henan","China",2020-03-18,22
"Hong Kong","China",2020-03-18,4
"Hubei","China",2020-03-18,3122
"Hunan","China",2020-03-18,4
"Inner Mongolia","China",2020-03-18,1
"Jiangsu","China",2020-03-18,0
"Jiangxi","China",2020-03-18,1
"Jilin","China",2020-03-18,1
"Liaoning","China",2020-03-18,1
"Macau","China",2020-03-18,0
"Ningxia","China",2020-03-18,0
"Qinghai","China",2020-03-18,0
"Shaanxi","China",2020-03-18,3
"Shandong","China",2020-03-18,7
"Shanghai","China",2020-03-18,3
"Shanxi","China",2020-03-18,0
"Sichuan","China",2020-03-18,3
"Tianjin","China",2020-03-18,3
"Tibet","China",2020-03-18,0
"Xinjiang","China",2020-03-18,3
"Yunnan","China",2020-03-18,2
"Zhejiang","China",2020-03-18,1
"Anhui","China",2020-03-19,6
"Beijing","China",2020-03-19,8
"Chongqing","China",2020-03-19,6
"Fujian","China",2020-03-19,1
"Gansu","China",2020-03-19,2
"Guangdong","China",2020-03-19,8
"Guangxi","China",2020-03-19,2
"Guizhou","China",2020-03-19,2
"Hainan","China",2020-03-19,6
"Hebei","China",2020-03-19,6
"Heilongjiang","China",2020-03-19,13
"Henan","China",2020-03-19,22
"Hong Kong","China",2020-03-19,4
"Hubei","China",2020-03-19,3130
"Hunan","China",2020-03-19,4
"Inner Mongolia","China",2020-03-19,1
"Jiangsu","China",2020-03-19,0
"Jiangxi","China",2020-03-19,1
"Jilin","China",2020-03-19,1
"Liaoning","China",2020-03-19,1
"Macau","China",2020-03-19,0
"Ningxia","China",2020-03-19,0
"Qinghai","China",2020-03-19,0
"Shaanxi","China",2020-03-19,3
"Shandong","China",2020-03-19,7
"Shanghai","China",2020-03-19,3
"Shanxi","China",2020-03-19,0
"Sichuan","China",2020-03-19,3
"Tianjin","China",2020-03-19,3
"Tibet","China",2020-03-19,0
"Xinjiang","China",2020-03-19,3
"Yunnan","China",2020-03-19,2
"Zhejiang","China",2020-03-19,1
"Anhui","China",2020-03-20,6
"Beijing","China",2020-03-20,8
"Chongqing","China",2020-03-20,6
"Fujian","China",2020-03-20,1
"Gansu","China",2020-03-20,2
"Guangdong","China",2020-03-20,8
"Guangxi","China",2020-03-20,2
"Guizhou","China",2020-03-20,2
"Hainan","China",2020-03-20,6
"Hebei","China",2020-03-20,6
"Heilongjiang","China",2020-03-20,13
"Henan","China",2020-03-20,22
"Hong Kong","China",2020-03-20,4
"Hubei","China",2020-03-20,3133
"Hunan","China",2020-03-20,4
"Inner Mongolia","China",2020-03-20,1
"Jiangsu","China",2020-03-20,0
"Jiangxi","China",2020-03-20,1
"Jilin","China",2020-03-20,1
"Liaoning","China",2020-03-20,2
"Macau","China",2020-03-20,0
"Ningxia","China",2020-03-20,0
"Qinghai","China",2020-03-20,0
"Shaanxi","China",2020-03-20,3
"Shandong","China",2020-03-20,7
"Shanghai","China",2020-03-20,3
"Shanxi","China",2020-03-20,0
"Sichuan","China",2020-03-20,3
"Tianjin","China",2020-03-20,3
"Tibet","China",2020-03-20,0
"Xinjiang","China",2020-03-20,3
"Yunnan","China",2020-03-20,2
"Zhejiang","China",2020-03-20,1
"Anhui","China",2020-03-21,6
"Beijing","China",2020-03-21,8
"Chongqing","China",2020-03-21,6
"Fujian","China",2020-03-21,1
"Gansu","China",2020-03-21,2
"Guangdong","China",2020-03-21,8
"Guangxi","China",2020-03-21,2
"Guizhou","China",2020-03-21,2
"Hainan","China",2020-03-21,6
"Hebei","China",2020-03-21,6
"Heilongjiang","China",2020-03-21,13
"Henan","China",2020-03-21,22
"Hong Kong","China",2020-03-21,4
"Hubei","China",2020-03-21,3139
"Hunan","China",2020-03-21,4
"Inner Mongolia","China",2020-03-21,1
"Jiangsu","China",2020-03-21,0
"Jiangxi","China",2020-03-21,1
"Jilin","China",2020-03-21,1
"Liaoning","China",2020-03-21,2
"Macau","China",2020-03-21,0
"Ningxia","China",2020-03-21,0
"Qinghai","China",2020-03-21,0
"Shaanxi","China",2020-03-21,3
"Shandong","China",2020-03-21,7
"Shanghai","China",2020-03-21,3
"Shanxi","China",2020-03-21,0
"Sichuan","China",2020-03-21,3
"Tianjin","China",2020-03-21,3
"Tibet","China",2020-03-21,0
"Xinjiang","China",2020-03-21,3
"Yunnan","China",2020-03-21,2
"Zhejiang","China",2020-03-21,1
"Anhui","China",2020-03-22,6
"Beijing","China",2020-03-22,8
"Chongqing","China",2020-03-22,6
"Fujian","China",2020-03-22,1
"Gansu","China",2020-03-22,2
"Guangdong","China",2020-03-22,8
"Guangxi","China",2020-03-22,2
"Guizhou","China",2020-03-22,2
"Hainan","China",2020-03-22,6
"Hebei","China",2020-03-22,6
"Heilongjiang","China",2020-03-22,13
"Henan","China",2020-03-22,22
"Hong Kong","China",2020-03-22,4
"Hubei","China",2020-03-22,3153
"Hunan","China",2020-03-22,4
"Inner Mongolia","China",2020-03-22,1
"Jiangsu","China",2020-03-22,0
"Jiangxi","China",2020-03-22,1
"Jilin","China",2020-03-22,1
"Liaoning","China",2020-03-22,2
"Macau","China",2020-03-22,0
"Ningxia","China",2020-03-22,0
"Qinghai","China",2020-03-22,0
"Shaanxi","China",2020-03-22,3
"Shandong","China",2020-03-22,7
"Shanghai","China",2020-03-22,4
"Shanxi","China",2020-03-22,0
"Sichuan","China",2020-03-22,3
"Tianjin","China",2020-03-22,3
"Tibet","China",2020-03-22,0
"Xinjiang","China",2020-03-22,3
"Yunnan","China",2020-03-22,2
"Zhejiang","China",2020-03-22,1
"Anhui","China",2020-03-23,6
"Beijing","China",2020-03-23,8
"Chongqing","China",2020-03-23,6
"Fujian","China",2020-03-23,1
"Gansu","China",2020-03-23,2
"Guangdong","China",2020-03-23,8
"Guangxi","China",2020-03-23,2
"Guizhou","China",2020-03-23,2
"Hainan","China",2020-03-23,6
"Hebei","China",2020-03-23,6
"Heilongjiang","China",2020-03-23,13
"Henan","China",2020-03-23,22
"Hong Kong","China",2020-03-23,4
"Hubei","China",2020-03-23,3153
"Hunan","China",2020-03-23,4
"Inner Mongolia","China",2020-03-23,1
"Jiangsu","China",2020-03-23,0
"Jiangxi","China",2020-03-23,1
"Jilin","China",2020-03-23,1
"Liaoning","China",2020-03-23,2
"Macau","China",2020-03-23,0
"Ningxia","China",2020-03-23,0
"Qinghai","China",2020-03-23,0
"Shaanxi","China",2020-03-23,3
"Shandong","China",2020-03-23,7
"Shanghai","China",2020-03-23,4
"Shanxi","China",2020-03-23,0
"Sichuan","China",2020-03-23,3
"Tianjin","China",2020-03-23,3
"Tibet","China",2020-03-23,0
"Xinjiang","China",2020-03-23,3
"Yunnan","China",2020-03-23,2
"Zhejiang","China",2020-03-23,1
"Anhui","China",2020-03-24,6
"Beijing","China",2020-03-24,8
"Chongqing","China",2020-03-24,6
"Fujian","China",2020-03-24,1
"Gansu","China",2020-03-24,2
"Guangdong","China",2020-03-24,8
"Guangxi","China",2020-03-24,2
"Guizhou","China",2020-03-24,2
"Hainan","China",2020-03-24,6
"Hebei","China",2020-03-24,6
"Heilongjiang","China",2020-03-24,13
"Henan","China",2020-03-24,22
"Hong Kong","China",2020-03-24,4
"Hubei","China",2020-03-24,3160
"Hunan","China",2020-03-24,4
"Inner Mongolia","China",2020-03-24,1
"Jiangsu","China",2020-03-24,0
"Jiangxi","China",2020-03-24,1
"Jilin","China",2020-03-24,1
"Liaoning","China",2020-03-24,2
"Macau","China",2020-03-24,0
"Ningxia","China",2020-03-24,0
"Qinghai","China",2020-03-24,0
"Shaanxi","China",2020-03-24,3
"Shandong","China",2020-03-24,7
"Shanghai","China",2020-03-24,4
"Shanxi","China",2020-03-24,0
"Sichuan","China",2020-03-24,3
"Tianjin","China",2020-03-24,3
"Tibet","China",2020-03-24,0
"Xinjiang","China",2020-03-24,3
"Yunnan","China",2020-03-24,2
"Zhejiang","China",2020-03-24,1
"Anhui","China",2020-03-25,6
"Beijing","China",2020-03-25,8
"Chongqing","China",2020-03-25,6
"Fujian","China",2020-03-25,1
"Gansu","China",2020-03-25,2
"Guangdong","China",2020-03-25,8
"Guangxi","China",2020-03-25,2
"Guizhou","China",2020-03-25,2
"Hainan","China",2020-03-25,6
"Hebei","China",2020-03-25,6
"Heilongjiang","China",2020-03-25,13
"Henan","China",2020-03-25,22
"Hong Kong","China",2020-03-25,4
"Hubei","China",2020-03-25,3163
"Hunan","China",2020-03-25,4
"Inner Mongolia","China",2020-03-25,1
"Jiangsu","China",2020-03-25,0
"Jiangxi","China",2020-03-25,1
"Jilin","China",2020-03-25,1
"Liaoning","China",2020-03-25,2
"Macau","China",2020-03-25,0
"Ningxia","China",2020-03-25,0
"Qinghai","China",2020-03-25,0
"Shaanxi","China",2020-03-25,3
"Shandong","China",2020-03-25,7
"Shanghai","China",2020-03-25,5
"Shanxi","China",2020-03-25,0
"Sichuan","China",2020-03-25,3
"Tianjin","China",2020-03-25,3
"Tibet","China",2020-03-25,0
"Xinjiang","China",2020-03-25,3
"Yunnan","China",2020-03-25,2
"Zhejiang","China",2020-03-25,1
"Anhui","China",2020-03-26,6
"Beijing","China",2020-03-26,8
"Chongqing","China",2020-03-26,6
"Fujian","China",2020-03-26,1
"Gansu","China",2020-03-26,2
"Guangdong","China",2020-03-26,8
"Guangxi","China",2020-03-26,2
"Guizhou","China",2020-03-26,2
"Hainan","China",2020-03-26,6
"Hebei","China",2020-03-26,6
"Heilongjiang","China",2020-03-26,13
"Henan","China",2020-03-26,22
"Hong Kong","China",2020-03-26,4
"Hubei","China",2020-03-26,3169
"Hunan","China",2020-03-26,4
"Inner Mongolia","China",2020-03-26,1
"Jiangsu","China",2020-03-26,0
"Jiangxi","China",2020-03-26,1
"Jilin","China",2020-03-26,1
"Liaoning","China",2020-03-26,2
"Macau","China",2020-03-26,0
"Ningxia","China",2020-03-26,0
"Qinghai","China",2020-03-26,0
"Shaanxi","China",2020-03-26,3
"Shandong","China",2020-03-26,7
"Shanghai","China",2020-03-26,5
"Shanxi","China",2020-03-26,0
"Sichuan","China",2020-03-26,3
"Tianjin","China",2020-03-26,3
"Tibet","China",2020-03-26,0
"Xinjiang","China",2020-03-26,3
"Yunnan","China",2020-03-26,2
"Zhejiang","China",2020-03-26,1
"Anhui","China",2020-03-27,6
"Beijing","China",2020-03-27,8
"Chongqing","China",2020-03-27,6
"Fujian","China",2020-03-27,1
"Gansu","China",2020-03-27,2
"Guangdong","China",2020-03-27,8
"Guangxi","China",2020-03-27,2
"Guizhou","China",2020-03-27,2
"Hainan","China",2020-03-27,6
"Hebei","China",2020-03-27,6
"Heilongjiang","China",2020-03-27,13
"Henan","China",2020-03-27,22
"Hong Kong","China",2020-03-27,4
"Hubei","China",2020-03-27,3174
"Hunan","China",2020-03-27,4
"Inner Mongolia","China",2020-03-27,1
"Jiangsu","China",2020-03-27,0
"Jiangxi","China",2020-03-27,1
"Jilin","China",2020-03-27,1
"Liaoning","China",2020-03-27,2
"Macau","China",2020-03-27,0
"Ningxia","China",2020-03-27,0
"Qinghai","China",2020-03-27,0
"Shaanxi","China",2020-03-27,3
"Shandong","China",2020-03-27,7
"Shanghai","China",2020-03-27,5
"Shanxi","China",2020-03-27,0
"Sichuan","China",2020-03-27,3
"Tianjin","China",2020-03-27,3
"Tibet","China",2020-03-27,0
"Xinjiang","China",2020-03-27,3
"Yunnan","China",2020-03-27,2
"Zhejiang","China",2020-03-27,1
"Anhui","China",2020-03-28,6
"Beijing","China",2020-03-28,8
"Chongqing","China",2020-03-28,6
"Fujian","China",2020-03-28,1
"Gansu","China",2020-03-28,2
"Guangdong","China",2020-03-28,8
"Guangxi","China",2020-03-28,2
"Guizhou","China",2020-03-28,2
"Hainan","China",2020-03-28,6
"Hebei","China",2020-03-28,6
"Heilongjiang","China",2020-03-28,13
"Henan","China",2020-03-28,22
"Hong Kong","China",2020-03-28,4
"Hubei","China",2020-03-28,3177
"Hunan","China",2020-03-28,4
"Inner Mongolia","China",2020-03-28,1
"Jiangsu","China",2020-03-28,0
"Jiangxi","China",2020-03-28,1
"Jilin","China",2020-03-28,1
"Liaoning","China",2020-03-28,2
"Macau","China",2020-03-28,0
"Ningxia","China",2020-03-28,0
"Qinghai","China",2020-03-28,0
"Shaanxi","China",2020-03-28,3
"Shandong","China",2020-03-28,7
"Shanghai","China",2020-03-28,5
"Shanxi","China",2020-03-28,0
"Sichuan","China",2020-03-28,3
"Tianjin","China",2020-03-28,3
"Tibet","China",2020-03-28,0
"Xinjiang","China",2020-03-28,3
"Yunnan","China",2020-03-28,2
"Zhejiang","China",2020-03-28,1
"Anhui","China",2020-03-29,6
"Beijing","China",2020-03-29,8
"Chongqing","China",2020-03-29,6
"Fujian","China",2020-03-29,1
"Gansu","China",2020-03-29,2
"Guangdong","China",2020-03-29,8
"Guangxi","China",2020-03-29,2
"Guizhou","China",2020-03-29,2
"Hainan","China",2020-03-29,6
"Hebei","China",2020-03-29,6
"Heilongjiang","China",2020-03-29,13
"Henan","China",2020-03-29,22
"Hong Kong","China",2020-03-29,4
"Hubei","China",2020-03-29,3182
"Hunan","China",2020-03-29,4
"Inner Mongolia","China",2020-03-29,1
"Jiangsu","China",2020-03-29,0
"Jiangxi","China",2020-03-29,1
"Jilin","China",2020-03-29,1
"Liaoning","China",2020-03-29,2
"Macau","China",2020-03-29,0
"Ningxia","China",2020-03-29,0
"Qinghai","China",2020-03-29,0
"Shaanxi","China",2020-03-29,3
"Shandong","China",2020-03-29,7
"Shanghai","China",2020-03-29,5
"Shanxi","China",2020-03-29,0
"Sichuan","China",2020-03-29,3
"Tianjin","China",2020-03-29,3
"Tibet","China",2020-03-29,0
"Xinjiang","China",2020-03-29,3
"Yunnan","China",2020-03-29,2
"Zhejiang","China",2020-03-29,1
"Anhui","China",2020-03-30,6
"Beijing","China",2020-03-30,8
"Chongqing","China",2020-03-30,6
"Fujian","China",2020-03-30,1
"Gansu","China",2020-03-30,2
"Guangdong","China",2020-03-30,8
"Guangxi","China",2020-03-30,2
"Guizhou","China",2020-03-30,2
"Hainan","China",2020-03-30,6
"Hebei","China",2020-03-30,6
"Heilongjiang","China",2020-03-30,13
"Henan","China",2020-03-30,22
"Hong Kong","China",2020-03-30,4
"Hubei","China",2020-03-30,3186
"Hunan","China",2020-03-30,4
"Inner Mongolia","China",2020-03-30,1
"Jiangsu","China",2020-03-30,0
"Jiangxi","China",2020-03-30,1
"Jilin","China",2020-03-30,1
"Liaoning","China",2020-03-30,2
"Macau","China",2020-03-30,0
"Ningxia","China",2020-03-30,0
"Qinghai","China",2020-03-30,0
"Shaanxi","China",2020-03-30,3
"Shandong","China",2020-03-30,7
"Shanghai","China",2020-03-30,5
"Shanxi","China",2020-03-30,0
"Sichuan","China",2020-03-30,3
"Tianjin","China",2020-03-30,3
"Tibet","China",2020-03-30,0
"Xinjiang","China",2020-03-30,3
"Yunnan","China",2020-03-30,2
"Zhejiang","China",2020-03-30,1
"Anhui","China",2020-03-31,6
"Beijing","China",2020-03-31,8
"Chongqing","China",2020-03-31,6
"Fujian","China",2020-03-31,1
"Gansu","China",2020-03-31,2
"Guangdong","China",2020-03-31,8
"Guangxi","China",2020-03-31,2
"Guizhou","China",2020-03-31,2
"Hainan","China",2020-03-31,6
"Hebei","China",2020-03-31,6
"Heilongjiang","China",2020-03-31,13
"Henan","China",2020-03-31,22
"Hong Kong","China",2020-03-31,4
"Hubei","China",2020-03-31,3187
"Hunan","China",2020-03-31,4
"Inner Mongolia","China",2020-03-31,1
"Jiangsu","China",2020-03-31,0
"Jiangxi","China",2020-03-31,1
"Jilin","China",2020-03-31,1
"Liaoning","China",2020-03-31,2
"Macau","China",2020-03-31,0
"Ningxia","China",2020-03-31,0
"Qinghai","China",2020-03-31,0
"Shaanxi","China",2020-03-31,3
"Shandong","China",2020-03-31,7
"Shanghai","China",2020-03-31,5
"Shanxi","China",2020-03-31,0
"Sichuan","China",2020-03-31,3
"Tianjin","China",2020-03-31,3
"Tibet","China",2020-03-31,0
"Xinjiang","China",2020-03-31,3
"Yunnan","China",2020-03-31,2
"Zhejiang","China",2020-03-31,1
"Anhui","China",2020-04-01,6
"Beijing","China",2020-04-01,8
"Chongqing","China",2020-04-01,6
"Fujian","China",2020-04-01,1
"Gansu","China",2020-04-01,2
"Guangdong","China",2020-04-01,8
"Guangxi","China",2020-04-01,2
"Guizhou","China",2020-04-01,2
"Hainan","China",2020-04-01,6
"Hebei","China",2020-04-01,6
"Heilongjiang","China",2020-04-01,13
"Henan","China",2020-04-01,22
"Hong Kong","China",2020-04-01,4
"Hubei","China",2020-04-01,3193
"Hunan","China",2020-04-01,4
"Inner Mongolia","China",2020-04-01,1
"Jiangsu","China",2020-04-01,0
"Jiangxi","China",2020-04-01,1
"Jilin","China",2020-04-01,1
"Liaoning","China",2020-04-01,2
"Macau","China",2020-04-01,0
"Ningxia","China",2020-04-01,0
"Qinghai","China",2020-04-01,0
"Shaanxi","China",2020-04-01,3
"Shandong","China",2020-04-01,7
"Shanghai","China",2020-04-01,6
"Shanxi","China",2020-04-01,0
"Sichuan","China",2020-04-01,3
"Tianjin","China",2020-04-01,3
"Tibet","China",2020-04-01,0
"Xinjiang","China",2020-04-01,3
"Yunnan","China",2020-04-01,2
"Zhejiang","China",2020-04-01,1
"Anhui","China",2020-04-02,6
"Beijing","China",2020-04-02,8
"Chongqing","China",2020-04-02,6
"Fujian","China",2020-04-02,1
"Gansu","China",2020-04-02,2
"Guangdong","China",2020-04-02,8
"Guangxi","China",2020-04-02,2
"Guizhou","China",2020-04-02,2
"Hainan","China",2020-04-02,6
"Hebei","China",2020-04-02,6
"Heilongjiang","China",2020-04-02,13
"Henan","China",2020-04-02,22
"Hong Kong","China",2020-04-02,4
"Hubei","China",2020-04-02,3199
"Hunan","China",2020-04-02,4
"Inner Mongolia","China",2020-04-02,1
"Jiangsu","China",2020-04-02,0
"Jiangxi","China",2020-04-02,1
"Jilin","China",2020-04-02,1
"Liaoning","China",2020-04-02,2
"Macau","China",2020-04-02,0
"Ningxia","China",2020-04-02,0
"Qinghai","China",2020-04-02,0
"Shaanxi","China",2020-04-02,3
"Shandong","China",2020-04-02,7
"Shanghai","China",2020-04-02,6
"Shanxi","China",2020-04-02,0
"Sichuan","China",2020-04-02,3
"Tianjin","China",2020-04-02,3
"Tibet","China",2020-04-02,0
"Xinjiang","China",2020-04-02,3
"Yunnan","China",2020-04-02,2
"Zhejiang","China",2020-04-02,1
"Anhui","China",2020-04-03,6
"Beijing","China",2020-04-03,8
"Chongqing","China",2020-04-03,6
"Fujian","China",2020-04-03,1
"Gansu","China",2020-04-03,2
"Guangdong","China",2020-04-03,8
"Guangxi","China",2020-04-03,2
"Guizhou","China",2020-04-03,2
"Hainan","China",2020-04-03,6
"Hebei","China",2020-04-03,6
"Heilongjiang","China",2020-04-03,13
"Henan","China",2020-04-03,22
"Hong Kong","China",2020-04-03,4
"Hubei","China",2020-04-03,3203
"Hunan","China",2020-04-03,4
"Inner Mongolia","China",2020-04-03,1
"Jiangsu","China",2020-04-03,0
"Jiangxi","China",2020-04-03,1
"Jilin","China",2020-04-03,1
"Liaoning","China",2020-04-03,2
"Macau","China",2020-04-03,0
"Ningxia","China",2020-04-03,0
"Qinghai","China",2020-04-03,0
"Shaanxi","China",2020-04-03,3
"Shandong","China",2020-04-03,7
"Shanghai","China",2020-04-03,6
"Shanxi","China",2020-04-03,0
"Sichuan","China",2020-04-03,3
"Tianjin","China",2020-04-03,3
"Tibet","China",2020-04-03,0
"Xinjiang","China",2020-04-03,3
"Yunnan","China",2020-04-03,2
"Zhejiang","China",2020-04-03,1
"Anhui","China",2020-04-04,6
"Beijing","China",2020-04-04,8
"Chongqing","China",2020-04-04,6
"Fujian","China",2020-04-04,1
"Gansu","China",2020-04-04,2
"Guangdong","China",2020-04-04,8
"Guangxi","China",2020-04-04,2
"Guizhou","China",2020-04-04,2
"Hainan","China",2020-04-04,6
"Hebei","China",2020-04-04,6
"Heilongjiang","China",2020-04-04,13
"Henan","China",2020-04-04,22
"Hong Kong","China",2020-04-04,4
"Hubei","China",2020-04-04,3207
"Hunan","China",2020-04-04,4
"Inner Mongolia","China",2020-04-04,1
"Jiangsu","China",2020-04-04,0
"Jiangxi","China",2020-04-04,1
"Jilin","China",2020-04-04,1
"Liaoning","China",2020-04-04,2
"Macau","China",2020-04-04,0
"Ningxia","China",2020-04-04,0
"Qinghai","China",2020-04-04,0
"Shaanxi","China",2020-04-04,3
"Shandong","China",2020-04-04,7
"Shanghai","China",2020-04-04,6
"Shanxi","China",2020-04-04,0
"Sichuan","China",2020-04-04,3
"Tianjin","China",2020-04-04,3
"Tibet","China",2020-04-04,0
"Xinjiang","China",2020-04-04,3
"Yunnan","China",2020-04-04,2
"Zhejiang","China",2020-04-04,1
"Anhui","China",2020-04-05,6
"Beijing","China",2020-04-05,8
"Chongqing","China",2020-04-05,6
"Fujian","China",2020-04-05,1
"Gansu","China",2020-04-05,2
"Guangdong","China",2020-04-05,8
"Guangxi","China",2020-04-05,2
"Guizhou","China",2020-04-05,2
"Hainan","China",2020-04-05,6
"Hebei","China",2020-04-05,6
"Heilongjiang","China",2020-04-05,13
"Henan","China",2020-04-05,22
"Hong Kong","China",2020-04-05,4
"Hubei","China",2020-04-05,3210
"Hunan","China",2020-04-05,4
"Inner Mongolia","China",2020-04-05,1
"Jiangsu","China",2020-04-05,0
"Jiangxi","China",2020-04-05,1
"Jilin","China",2020-04-05,1
"Liaoning","China",2020-04-05,2
"Macau","China",2020-04-05,0
"Ningxia","China",2020-04-05,0
"Qinghai","China",2020-04-05,0
"Shaanxi","China",2020-04-05,3
"Shandong","China",2020-04-05,7
"Shanghai","China",2020-04-05,6
"Shanxi","China",2020-04-05,0
"Sichuan","China",2020-04-05,3
"Tianjin","China",2020-04-05,3
"Tibet","China",2020-04-05,0
"Xinjiang","China",2020-04-05,3
"Yunnan","China",2020-04-05,2
"Zhejiang","China",2020-04-05,1
"Anhui","China",2020-04-06,6
"Beijing","China",2020-04-06,8
"Chongqing","China",2020-04-06,6
"Fujian","China",2020-04-06,1
"Gansu","China",2020-04-06,2
"Guangdong","China",2020-04-06,8
"Guangxi","China",2020-04-06,2
"Guizhou","China",2020-04-06,2
"Hainan","China",2020-04-06,6
"Hebei","China",2020-04-06,6
"Heilongjiang","China",2020-04-06,13
"Henan","China",2020-04-06,22
"Hong Kong","China",2020-04-06,4
"Hubei","China",2020-04-06,3212
"Hunan","China",2020-04-06,4
"Inner Mongolia","China",2020-04-06,1
"Jiangsu","China",2020-04-06,0
"Jiangxi","China",2020-04-06,1
"Jilin","China",2020-04-06,1
"Liaoning","China",2020-04-06,2
"Macau","China",2020-04-06,0
"Ningxia","China",2020-04-06,0
"Qinghai","China",2020-04-06,0
"Shaanxi","China",2020-04-06,3
"Shandong","China",2020-04-06,7
"Shanghai","China",2020-04-06,6
"Shanxi","China",2020-04-06,0
"Sichuan","China",2020-04-06,3
"Tianjin","China",2020-04-06,3
"Tibet","China",2020-04-06,0
"Xinjiang","China",2020-04-06,3
"Yunnan","China",2020-04-06,2
"Zhejiang","China",2020-04-06,1
"Anhui","China",2020-04-07,6
"Beijing","China",2020-04-07,8
"Chongqing","China",2020-04-07,6
"Fujian","China",2020-04-07,1
"Gansu","China",2020-04-07,2
"Guangdong","China",2020-04-07,8
"Guangxi","China",2020-04-07,2
"Guizhou","China",2020-04-07,2
"Hainan","China",2020-04-07,6
"Hebei","China",2020-04-07,6
"Heilongjiang","China",2020-04-07,13
"Henan","China",2020-04-07,22
"Hong Kong","China",2020-04-07,4
"Hubei","China",2020-04-07,3212
"Hunan","China",2020-04-07,4
"Inner Mongolia","China",2020-04-07,1
"Jiangsu","China",2020-04-07,0
"Jiangxi","China",2020-04-07,1
"Jilin","China",2020-04-07,1
"Liaoning","China",2020-04-07,2
"Macau","China",2020-04-07,0
"Ningxia","China",2020-04-07,0
"Qinghai","China",2020-04-07,0
"Shaanxi","China",2020-04-07,3
"Shandong","China",2020-04-07,7
"Shanghai","China",2020-04-07,6
"Shanxi","China",2020-04-07,0
"Sichuan","China",2020-04-07,3
"Tianjin","China",2020-04-07,3
"Tibet","China",2020-04-07,0
"Xinjiang","China",2020-04-07,3
"Yunnan","China",2020-04-07,2
"Zhejiang","China",2020-04-07,1
"Anhui","China",2020-04-08,6
"Beijing","China",2020-04-08,8
"Chongqing","China",2020-04-08,6
"Fujian","China",2020-04-08,1
"Gansu","China",2020-04-08,2
"Guangdong","China",2020-04-08,8
"Guangxi","China",2020-04-08,2
"Guizhou","China",2020-04-08,2
"Hainan","China",2020-04-08,6
"Hebei","China",2020-04-08,6
"Heilongjiang","China",2020-04-08,13
"Henan","China",2020-04-08,22
"Hong Kong","China",2020-04-08,4
"Hubei","China",2020-04-08,3213
"Hunan","China",2020-04-08,4
"Inner Mongolia","China",2020-04-08,1
"Jiangsu","China",2020-04-08,0
"Jiangxi","China",2020-04-08,1
"Jilin","China",2020-04-08,1
"Liaoning","China",2020-04-08,2
"Macau","China",2020-04-08,0
"Ningxia","China",2020-04-08,0
"Qinghai","China",2020-04-08,0
"Shaanxi","China",2020-04-08,3
"Shandong","China",2020-04-08,7
"Shanghai","China",2020-04-08,7
"Shanxi","China",2020-04-08,0
"Sichuan","China",2020-04-08,3
"Tianjin","China",2020-04-08,3
"Tibet","China",2020-04-08,0
"Xinjiang","China",2020-04-08,3
"Yunnan","China",2020-04-08,2
"Zhejiang","China",2020-04-08,1
"Anhui","China",2020-04-09,6
"Beijing","China",2020-04-09,8
"Chongqing","China",2020-04-09,6
"Fujian","China",2020-04-09,1
"Gansu","China",2020-04-09,2
"Guangdong","China",2020-04-09,8
"Guangxi","China",2020-04-09,2
"Guizhou","China",2020-04-09,2
"Hainan","China",2020-04-09,6
"Hebei","China",2020-04-09,6
"Heilongjiang","China",2020-04-09,13
"Henan","China",2020-04-09,22
"Hong Kong","China",2020-04-09,4
"Hubei","China",2020-04-09,3215
"Hunan","China",2020-04-09,4
"Inner Mongolia","China",2020-04-09,1
"Jiangsu","China",2020-04-09,0
"Jiangxi","China",2020-04-09,1
"Jilin","China",2020-04-09,1
"Liaoning","China",2020-04-09,2
"Macau","China",2020-04-09,0
"Ningxia","China",2020-04-09,0
"Qinghai","China",2020-04-09,0
"Shaanxi","China",2020-04-09,3
"Shandong","China",2020-04-09,7
"Shanghai","China",2020-04-09,7
"Shanxi","China",2020-04-09,0
"Sichuan","China",2020-04-09,3
"Tianjin","China",2020-04-09,3
"Tibet","China",2020-04-09,0
"Xinjiang","China",2020-04-09,3
"Yunnan","China",2020-04-09,2
"Zhejiang","China",2020-04-09,1
"Anhui","China",2020-04-10,6
"Beijing","China",2020-04-10,8
"Chongqing","China",2020-04-10,6
"Fujian","China",2020-04-10,1
"Gansu","China",2020-04-10,2
"Guangdong","China",2020-04-10,8
"Guangxi","China",2020-04-10,2
"Guizhou","China",2020-04-10,2
"Hainan","China",2020-04-10,6
"Hebei","China",2020-04-10,6
"Heilongjiang","China",2020-04-10,13
"Henan","China",2020-04-10,22
"Hong Kong","China",2020-04-10,4
"Hubei","China",2020-04-10,3216
"Hunan","China",2020-04-10,4
"Inner Mongolia","China",2020-04-10,1
"Jiangsu","China",2020-04-10,0
"Jiangxi","China",2020-04-10,1
"Jilin","China",2020-04-10,1
"Liaoning","China",2020-04-10,2
"Macau","China",2020-04-10,0
"Ningxia","China",2020-04-10,0
"Qinghai","China",2020-04-10,0
"Shaanxi","China",2020-04-10,3
"Shandong","China",2020-04-10,7
"Shanghai","China",2020-04-10,7
"Shanxi","China",2020-04-10,0
"Sichuan","China",2020-04-10,3
"Tianjin","China",2020-04-10,3
"Tibet","China",2020-04-10,0
"Xinjiang","China",2020-04-10,3
"Yunnan","China",2020-04-10,2
"Zhejiang","China",2020-04-10,1
"Anhui","China",2020-04-11,6
"Beijing","China",2020-04-11,8
"Chongqing","China",2020-04-11,6
"Fujian","China",2020-04-11,1
"Gansu","China",2020-04-11,2
"Guangdong","China",2020-04-11,8
"Guangxi","China",2020-04-11,2
"Guizhou","China",2020-04-11,2
"Hainan","China",2020-04-11,6
"Hebei","China",2020-04-11,6
"Heilongjiang","China",2020-04-11,13
"Henan","China",2020-04-11,22
"Hong Kong","China",2020-04-11,4
"Hubei","China",2020-04-11,3219
"Hunan","China",2020-04-11,4
"Inner Mongolia","China",2020-04-11,1
"Jiangsu","China",2020-04-11,0
"Jiangxi","China",2020-04-11,1
"Jilin","China",2020-04-11,1
"Liaoning","China",2020-04-11,2
"Macau","China",2020-04-11,0
"Ningxia","China",2020-04-11,0
"Qinghai","China",2020-04-11,0
"Shaanxi","China",2020-04-11,3
"Shandong","China",2020-04-11,7
"Shanghai","China",2020-04-11,7
"Shanxi","China",2020-04-11,0
"Sichuan","China",2020-04-11,3
"Tianjin","China",2020-04-11,3
"Tibet","China",2020-04-11,0
"Xinjiang","China",2020-04-11,3
"Yunnan","China",2020-04-11,2
"Zhejiang","China",2020-04-11,1
"Anhui","China",2020-04-12,6
"Beijing","China",2020-04-12,8
"Chongqing","China",2020-04-12,6
"Fujian","China",2020-04-12,1
"Gansu","China",2020-04-12,2
"Guangdong","China",2020-04-12,8
"Guangxi","China",2020-04-12,2
"Guizhou","China",2020-04-12,2
"Hainan","China",2020-04-12,6
"Hebei","China",2020-04-12,6
"Heilongjiang","China",2020-04-12,13
"Henan","China",2020-04-12,22
"Hong Kong","China",2020-04-12,4
"Hubei","China",2020-04-12,3219
"Hunan","China",2020-04-12,4
"Inner Mongolia","China",2020-04-12,1
"Jiangsu","China",2020-04-12,0
"Jiangxi","China",2020-04-12,1
"Jilin","China",2020-04-12,1
"Liaoning","China",2020-04-12,2
"Macau","China",2020-04-12,0
"Ningxia","China",2020-04-12,0
"Qinghai","China",2020-04-12,0
"Shaanxi","China",2020-04-12,3
"Shandong","China",2020-04-12,7
"Shanghai","China",2020-04-12,7
"Shanxi","China",2020-04-12,0
"Sichuan","China",2020-04-12,3
"Tianjin","China",2020-04-12,3
"Tibet","China",2020-04-12,0
"Xinjiang","China",2020-04-12,3
"Yunnan","China",2020-04-12,2
"Zhejiang","China",2020-04-12,1
"Anhui","China",2020-04-13,6
"Beijing","China",2020-04-13,8
"Chongqing","China",2020-04-13,6
"Fujian","China",2020-04-13,1
"Gansu","China",2020-04-13,2
"Guangdong","China",2020-04-13,8
"Guangxi","China",2020-04-13,2
"Guizhou","China",2020-04-13,2
"Hainan","China",2020-04-13,6
"Hebei","China",2020-04-13,6
"Heilongjiang","China",2020-04-13,13
"Henan","China",2020-04-13,22
"Hong Kong","China",2020-04-13,4
"Hubei","China",2020-04-13,3221
"Hunan","China",2020-04-13,4
"Inner Mongolia","China",2020-04-13,1
"Jiangsu","China",2020-04-13,0
"Jiangxi","China",2020-04-13,1
"Jilin","China",2020-04-13,1
"Liaoning","China",2020-04-13,2
"Macau","China",2020-04-13,0
"Ningxia","China",2020-04-13,0
"Qinghai","China",2020-04-13,0
"Shaanxi","China",2020-04-13,3
"Shandong","China",2020-04-13,7
"Shanghai","China",2020-04-13,7
"Shanxi","China",2020-04-13,0
"Sichuan","China",2020-04-13,3
"Tianjin","China",2020-04-13,3
"Tibet","China",2020-04-13,0
"Xinjiang","China",2020-04-13,3
"Yunnan","China",2020-04-13,2
"Zhejiang","China",2020-04-13,1
"Anhui","China",2020-04-14,6
"Beijing","China",2020-04-14,8
"Chongqing","China",2020-04-14,6
"Fujian","China",2020-04-14,1
"Gansu","China",2020-04-14,2
"Guangdong","China",2020-04-14,8
"Guangxi","China",2020-04-14,2
"Guizhou","China",2020-04-14,2
"Hainan","China",2020-04-14,6
"Hebei","China",2020-04-14,6
"Heilongjiang","China",2020-04-14,13
"Henan","China",2020-04-14,22
"Hong Kong","China",2020-04-14,4
"Hubei","China",2020-04-14,3221
"Hunan","China",2020-04-14,4
"Inner Mongolia","China",2020-04-14,1
"Jiangsu","China",2020-04-14,0
"Jiangxi","China",2020-04-14,1
"Jilin","China",2020-04-14,1
"Liaoning","China",2020-04-14,2
"Macau","China",2020-04-14,0
"Ningxia","China",2020-04-14,0
"Qinghai","China",2020-04-14,0
"Shaanxi","China",2020-04-14,3
"Shandong","China",2020-04-14,7
"Shanghai","China",2020-04-14,7
"Shanxi","China",2020-04-14,0
"Sichuan","China",2020-04-14,3
"Tianjin","China",2020-04-14,3
"Tibet","China",2020-04-14,0
"Xinjiang","China",2020-04-14,3
"Yunnan","China",2020-04-14,2
"Zhejiang","China",2020-04-14,1
"Anhui","China",2020-04-15,6
"Beijing","China",2020-04-15,8
"Chongqing","China",2020-04-15,6
"Fujian","China",2020-04-15,1
"Gansu","China",2020-04-15,2
"Guangdong","China",2020-04-15,8
"Guangxi","China",2020-04-15,2
"Guizhou","China",2020-04-15,2
"Hainan","China",2020-04-15,6
"Hebei","China",2020-04-15,6
"Heilongjiang","China",2020-04-15,13
"Henan","China",2020-04-15,22
"Hong Kong","China",2020-04-15,4
"Hubei","China",2020-04-15,3222
"Hunan","China",2020-04-15,4
"Inner Mongolia","China",2020-04-15,1
"Jiangsu","China",2020-04-15,0
"Jiangxi","China",2020-04-15,1
"Jilin","China",2020-04-15,1
"Liaoning","China",2020-04-15,2
"Macau","China",2020-04-15,0
"Ningxia","China",2020-04-15,0
"Qinghai","China",2020-04-15,0
"Shaanxi","China",2020-04-15,3
"Shandong","China",2020-04-15,7
"Shanghai","China",2020-04-15,7
"Shanxi","China",2020-04-15,0
"Sichuan","China",2020-04-15,3
"Tianjin","China",2020-04-15,3
"Tibet","China",2020-04-15,0
"Xinjiang","China",2020-04-15,3
"Yunnan","China",2020-04-15,2
"Zhejiang","China",2020-04-15,1
"Anhui","China",2020-04-16,6
"Beijing","China",2020-04-16,8
"Chongqing","China",2020-04-16,6
"Fujian","China",2020-04-16,1
"Gansu","China",2020-04-16,2
"Guangdong","China",2020-04-16,8
"Guangxi","China",2020-04-16,2
"Guizhou","China",2020-04-16,2
"Hainan","China",2020-04-16,6
"Hebei","China",2020-04-16,6
"Heilongjiang","China",2020-04-16,13
"Henan","China",2020-04-16,22
"Hong Kong","China",2020-04-16,4
"Hubei","China",2020-04-16,3222
"Hunan","China",2020-04-16,4
"Inner Mongolia","China",2020-04-16,1
"Jiangsu","China",2020-04-16,0
"Jiangxi","China",2020-04-16,1
"Jilin","China",2020-04-16,1
"Liaoning","China",2020-04-16,2
"Macau","China",2020-04-16,0
"Ningxia","China",2020-04-16,0
"Qinghai","China",2020-04-16,0
"Shaanxi","China",2020-04-16,3
"Shandong","China",2020-04-16,7
"Shanghai","China",2020-04-16,7
"Shanxi","China",2020-04-16,0
"Sichuan","China",2020-04-16,3
"Tianjin","China",2020-04-16,3
"Tibet","China",2020-04-16,0
"Xinjiang","China",2020-04-16,3
"Yunnan","China",2020-04-16,2
"Zhejiang","China",2020-04-16,1
"Anhui","China",2020-04-17,6
"Beijing","China",2020-04-17,8
"Chongqing","China",2020-04-17,6
"Fujian","China",2020-04-17,1
"Gansu","China",2020-04-17,2
"Guangdong","China",2020-04-17,8
"Guangxi","China",2020-04-17,2
"Guizhou","China",2020-04-17,2
"Hainan","China",2020-04-17,6
"Hebei","China",2020-04-17,6
"Heilongjiang","China",2020-04-17,13
"Henan","China",2020-04-17,22
"Hong Kong","China",2020-04-17,4
"Hubei","China",2020-04-17,4512
"Hunan","China",2020-04-17,4
"Inner Mongolia","China",2020-04-17,1
"Jiangsu","China",2020-04-17,0
"Jiangxi","China",2020-04-17,1
"Jilin","China",2020-04-17,1
"Liaoning","China",2020-04-17,2
"Macau","China",2020-04-17,0
"Ningxia","China",2020-04-17,0
"Qinghai","China",2020-04-17,0
"Shaanxi","China",2020-04-17,3
"Shandong","China",2020-04-17,7
"Shanghai","China",2020-04-17,7
"Shanxi","China",2020-04-17,0
"Sichuan","China",2020-04-17,3
"Tianjin","China",2020-04-17,3
"Tibet","China",2020-04-17,0
"Xinjiang","China",2020-04-17,3
"Yunnan","China",2020-04-17,2
"Zhejiang","China",2020-04-17,1
"Anhui","China",2020-04-18,6
"Beijing","China",2020-04-18,8
"Chongqing","China",2020-04-18,6
"Fujian","China",2020-04-18,1
"Gansu","China",2020-04-18,2
"Guangdong","China",2020-04-18,8
"Guangxi","China",2020-04-18,2
"Guizhou","China",2020-04-18,2
"Hainan","China",2020-04-18,6
"Hebei","China",2020-04-18,6
"Heilongjiang","China",2020-04-18,13
"Henan","China",2020-04-18,22
"Hong Kong","China",2020-04-18,4
"Hubei","China",2020-04-18,4512
"Hunan","China",2020-04-18,4
"Inner Mongolia","China",2020-04-18,1
"Jiangsu","China",2020-04-18,0
"Jiangxi","China",2020-04-18,1
"Jilin","China",2020-04-18,1
"Liaoning","China",2020-04-18,2
"Macau","China",2020-04-18,0
"Ningxia","China",2020-04-18,0
"Qinghai","China",2020-04-18,0
"Shaanxi","China",2020-04-18,3
"Shandong","China",2020-04-18,7
"Shanghai","China",2020-04-18,7
"Shanxi","China",2020-04-18,0
"Sichuan","China",2020-04-18,3
"Tianjin","China",2020-04-18,3
"Tibet","China",2020-04-18,0
"Xinjiang","China",2020-04-18,3
"Yunnan","China",2020-04-18,2
"Zhejiang","China",2020-04-18,1
"Anhui","China",2020-04-19,6
"Beijing","China",2020-04-19,8
"Chongqing","China",2020-04-19,6
"Fujian","China",2020-04-19,1
"Gansu","China",2020-04-19,2
"Guangdong","China",2020-04-19,8
"Guangxi","China",2020-04-19,2
"Guizhou","China",2020-04-19,2
"Hainan","China",2020-04-19,6
"Hebei","China",2020-04-19,6
"Heilongjiang","China",2020-04-19,13
"Henan","China",2020-04-19,22
"Hong Kong","China",2020-04-19,4
"Hubei","China",2020-04-19,4512
"Hunan","China",2020-04-19,4
"Inner Mongolia","China",2020-04-19,1
"Jiangsu","China",2020-04-19,0
"Jiangxi","China",2020-04-19,1
"Jilin","China",2020-04-19,1
"Liaoning","China",2020-04-19,2
"Macau","China",2020-04-19,0
"Ningxia","China",2020-04-19,0
"Qinghai","China",2020-04-19,0
"Shaanxi","China",2020-04-19,3
"Shandong","China",2020-04-19,7
"Shanghai","China",2020-04-19,7
"Shanxi","China",2020-04-19,0
"Sichuan","China",2020-04-19,3
"Tianjin","China",2020-04-19,3
"Tibet","China",2020-04-19,0
"Xinjiang","China",2020-04-19,3
"Yunnan","China",2020-04-19,2
"Zhejiang","China",2020-04-19,1
"Anhui","China",2020-04-20,6
"Beijing","China",2020-04-20,8
"Chongqing","China",2020-04-20,6
"Fujian","China",2020-04-20,1
"Gansu","China",2020-04-20,2
"Guangdong","China",2020-04-20,8
"Guangxi","China",2020-04-20,2
"Guizhou","China",2020-04-20,2
"Hainan","China",2020-04-20,6
"Hebei","China",2020-04-20,6
"Heilongjiang","China",2020-04-20,13
"Henan","China",2020-04-20,22
"Hong Kong","China",2020-04-20,4
"Hubei","China",2020-04-20,4512
"Hunan","China",2020-04-20,4
"Inner Mongolia","China",2020-04-20,1
"Jiangsu","China",2020-04-20,0
"Jiangxi","China",2020-04-20,1
"Jilin","China",2020-04-20,1
"Liaoning","China",2020-04-20,2
"Macau","China",2020-04-20,0
"Ningxia","China",2020-04-20,0
"Qinghai","China",2020-04-20,0
"Shaanxi","China",2020-04-20,3
"Shandong","China",2020-04-20,7
"Shanghai","China",2020-04-20,7
"Shanxi","China",2020-04-20,0
"Sichuan","China",2020-04-20,3
"Tianjin","China",2020-04-20,3
"Tibet","China",2020-04-20,0
"Xinjiang","China",2020-04-20,3
"Yunnan","China",2020-04-20,2
"Zhejiang","China",2020-04-20,1
"Anhui","China",2020-04-21,6
"Beijing","China",2020-04-21,8
"Chongqing","China",2020-04-21,6
"Fujian","China",2020-04-21,1
"Gansu","China",2020-04-21,2
"Guangdong","China",2020-04-21,8
"Guangxi","China",2020-04-21,2
"Guizhou","China",2020-04-21,2
"Hainan","China",2020-04-21,6
"Hebei","China",2020-04-21,6
"Heilongjiang","China",2020-04-21,13
"Henan","China",2020-04-21,22
"Hong Kong","China",2020-04-21,4
"Hubei","China",2020-04-21,4512
"Hunan","China",2020-04-21,4
"Inner Mongolia","China",2020-04-21,1
"Jiangsu","China",2020-04-21,0
"Jiangxi","China",2020-04-21,1
"Jilin","China",2020-04-21,1
"Liaoning","China",2020-04-21,2
"Macau","China",2020-04-21,0
"Ningxia","China",2020-04-21,0
"Qinghai","China",2020-04-21,0
"Shaanxi","China",2020-04-21,3
"Shandong","China",2020-04-21,7
"Shanghai","China",2020-04-21,7
"Shanxi","China",2020-04-21,0
"Sichuan","China",2020-04-21,3
"Tianjin","China",2020-04-21,3
"Tibet","China",2020-04-21,0
"Xinjiang","China",2020-04-21,3
"Yunnan","China",2020-04-21,2
"Zhejiang","China",2020-04-21,1
"Anhui","China",2020-04-22,6
"Beijing","China",2020-04-22,8
"Chongqing","China",2020-04-22,6
"Fujian","China",2020-04-22,1
"Gansu","China",2020-04-22,2
"Guangdong","China",2020-04-22,8
"Guangxi","China",2020-04-22,2
"Guizhou","China",2020-04-22,2
"Hainan","China",2020-04-22,6
"Hebei","China",2020-04-22,6
"Heilongjiang","China",2020-04-22,13
"Henan","China",2020-04-22,22
"Hong Kong","China",2020-04-22,4
"Hubei","China",2020-04-22,4512
"Hunan","China",2020-04-22,4
"Inner Mongolia","China",2020-04-22,1
"Jiangsu","China",2020-04-22,0
"Jiangxi","China",2020-04-22,1
"Jilin","China",2020-04-22,1
"Liaoning","China",2020-04-22,2
"Macau","China",2020-04-22,0
"Ningxia","China",2020-04-22,0
"Qinghai","China",2020-04-22,0
"Shaanxi","China",2020-04-22,3
"Shandong","China",2020-04-22,7
"Shanghai","China",2020-04-22,7
"Shanxi","China",2020-04-22,0
"Sichuan","China",2020-04-22,3
"Tianjin","China",2020-04-22,3
"Tibet","China",2020-04-22,0
"Xinjiang","China",2020-04-22,3
"Yunnan","China",2020-04-22,2
"Zhejiang","China",2020-04-22,1
"Anhui","China",2020-04-23,6
"Beijing","China",2020-04-23,8
"Chongqing","China",2020-04-23,6
"Fujian","China",2020-04-23,1
"Gansu","China",2020-04-23,2
"Guangdong","China",2020-04-23,8
"Guangxi","China",2020-04-23,2
"Guizhou","China",2020-04-23,2
"Hainan","China",2020-04-23,6
"Hebei","China",2020-04-23,6
"Heilongjiang","China",2020-04-23,13
"Henan","China",2020-04-23,22
"Hong Kong","China",2020-04-23,4
"Hubei","China",2020-04-23,4512
"Hunan","China",2020-04-23,4
"Inner Mongolia","China",2020-04-23,1
"Jiangsu","China",2020-04-23,0
"Jiangxi","China",2020-04-23,1
"Jilin","China",2020-04-23,1
"Liaoning","China",2020-04-23,2
"Macau","China",2020-04-23,0
"Ningxia","China",2020-04-23,0
"Qinghai","China",2020-04-23,0
"Shaanxi","China",2020-04-23,3
"Shandong","China",2020-04-23,7
"Shanghai","China",2020-04-23,7
"Shanxi","China",2020-04-23,0
"Sichuan","China",2020-04-23,3
"Tianjin","China",2020-04-23,3
"Tibet","China",2020-04-23,0
"Xinjiang","China",2020-04-23,3
"Yunnan","China",2020-04-23,2
"Zhejiang","China",2020-04-23,1
"Anhui","China",2020-04-24,6
"Beijing","China",2020-04-24,8
"Chongqing","China",2020-04-24,6
"Fujian","China",2020-04-24,1
"Gansu","China",2020-04-24,2
"Guangdong","China",2020-04-24,8
"Guangxi","China",2020-04-24,2
"Guizhou","China",2020-04-24,2
"Hainan","China",2020-04-24,6
"Hebei","China",2020-04-24,6
"Heilongjiang","China",2020-04-24,13
"Henan","China",2020-04-24,22
"Hong Kong","China",2020-04-24,4
"Hubei","China",2020-04-24,4512
"Hunan","China",2020-04-24,4
"Inner Mongolia","China",2020-04-24,1
"Jiangsu","China",2020-04-24,0
"Jiangxi","China",2020-04-24,1
"Jilin","China",2020-04-24,1
"Liaoning","China",2020-04-24,2
"Macau","China",2020-04-24,0
"Ningxia","China",2020-04-24,0
"Qinghai","China",2020-04-24,0
"Shaanxi","China",2020-04-24,3
"Shandong","China",2020-04-24,7
"Shanghai","China",2020-04-24,7
"Shanxi","China",2020-04-24,0
"Sichuan","China",2020-04-24,3
"Tianjin","China",2020-04-24,3
"Tibet","China",2020-04-24,0
"Xinjiang","China",2020-04-24,3
"Yunnan","China",2020-04-24,2
"Zhejiang","China",2020-04-24,1
